TS,pitch,roll,yaw,vgx,vgy,vgz,templ,temph,tof,h,bat,baro,time,agx,agy,agz
2024-05-17 16:24:07.075592,0,0,5,0,0,0,81,83,10,0,54,190.56,246,3.00,0.00,-1000.00
2024-05-17 16:24:07.175270,0,0,5,0,0,0,81,83,10,0,54,190.60,246,3.00,0.00,-999.00
2024-05-17 16:24:07.280389,0,0,5,0,0,0,81,83,10,0,54,190.54,246,3.00,-1.00,-1000.00
2024-05-17 16:24:07.380740,0,0,5,0,0,0,81,83,10,0,54,190.52,246,3.00,0.00,-999.00
2024-05-17 16:24:07.481170,0,0,5,0,0,0,81,83,10,0,54,190.53,246,2.00,-1.00,-1001.00
2024-05-17 16:24:07.587379,0,0,5,0,0,0,81,83,10,0,54,190.57,246,3.00,-2.00,-998.00
2024-05-17 16:24:07.685264,0,0,5,0,0,0,80,83,10,0,54,190.56,246,3.00,0.00,-999.00
2024-05-17 16:24:07.792299,0,0,5,0,0,0,80,83,10,0,54,190.55,246,4.00,0.00,-998.00
2024-05-17 16:24:07.889044,0,0,5,0,0,0,80,83,10,0,54,190.56,246,3.00,0.00,-1000.00
2024-05-17 16:24:07.997175,0,0,5,0,0,0,80,83,10,0,54,190.57,246,2.00,1.00,-1000.00
2024-05-17 16:24:08.093424,0,0,5,0,0,0,80,83,10,0,54,190.53,246,3.00,-2.00,-999.00
2024-05-17 16:24:08.201770,0,0,5,0,0,0,80,83,10,0,54,190.54,246,3.00,0.00,-1001.00
2024-05-17 16:24:08.297175,0,0,5,0,0,0,80,83,10,0,54,190.53,246,4.00,0.00,-998.00
2024-05-17 16:24:08.406772,0,0,5,0,0,0,80,83,10,0,54,190.54,246,2.00,1.00,-1001.00
2024-05-17 16:24:08.501126,0,0,5,0,0,0,80,83,10,0,54,190.51,246,3.00,-1.00,-998.00
2024-05-17 16:24:08.611604,0,0,5,0,0,0,80,83,10,0,54,190.58,246,3.00,0.00,-1002.00
2024-05-17 16:24:08.705254,0,0,5,0,0,0,81,83,10,0,54,190.54,246,2.00,0.00,-999.00
2024-05-17 16:24:08.807085,0,0,5,0,0,0,81,83,10,0,54,190.54,246,3.00,0.00,-998.00
2024-05-17 16:24:08.858213,0,0,5,0,0,0,81,83,10,0,54,190.51,246,3.00,0.00,-999.00
2024-05-17 16:24:09.021202,0,0,5,0,0,0,81,83,10,0,54,190.56,246,4.00,-1.00,-999.00
2024-05-17 16:24:09.062107,0,0,5,0,0,0,81,83,10,0,54,190.61,246,2.00,-1.00,-1000.00
2024-05-17 16:24:09.226307,0,0,5,0,0,0,81,83,10,0,54,190.57,246,3.00,-1.00,-999.00
2024-05-17 16:24:09.266150,0,0,5,0,0,0,81,83,10,0,54,190.57,246,5.00,-1.00,-1001.00
2024-05-17 16:24:09.430859,0,0,5,0,0,0,81,83,10,0,54,190.56,246,2.00,0.00,-1000.00
2024-05-17 16:24:09.470018,0,0,5,0,0,0,81,83,10,0,54,190.56,246,1.00,-1.00,-1001.00
2024-05-17 16:24:09.635450,0,0,5,0,0,0,81,83,10,0,54,190.54,246,3.00,-1.00,-1000.00
2024-05-17 16:24:09.673924,0,0,5,0,0,0,81,83,10,0,54,190.54,246,4.00,0.00,-1000.00
2024-05-17 16:24:09.840220,0,0,5,0,0,0,81,83,10,0,54,190.54,246,6.00,0.00,-1007.00
2024-05-17 16:24:09.877846,0,0,5,0,0,0,81,83,10,0,54,190.54,246,3.00,-5.00,-997.00
2024-05-17 16:24:10.045408,0,0,5,0,0,0,81,83,10,0,54,190.54,246,37.00,44.00,-1004.00
2024-05-17 16:24:10.081905,0,0,5,0,0,0,81,83,10,0,54,190.54,246,-16.00,35.00,-999.00
2024-05-17 16:24:10.249779,0,0,5,0,0,0,81,83,10,0,54,190.54,246,-46.00,22.00,-1003.00
2024-05-17 16:24:10.286058,-1,4,5,0,0,0,81,83,10,0,54,190.54,247,-23.00,-15.00,-1126.00
2024-05-17 16:24:10.457021,-1,4,5,0,1,-2,81,83,10,0,54,190.54,247,1.00,-2.00,-1238.00
2024-05-17 16:24:10.489812,0,0,5,0,1,-5,81,83,10,0,54,190.54,247,-45.00,-24.00,-1158.00
2024-05-17 16:24:10.661990,2,-3,5,0,1,-7,81,83,15,10,54,190.86,247,-92.00,41.00,-1086.00
2024-05-17 16:24:10.694039,1,-3,5,0,0,-7,81,84,22,10,54,191.11,247,13.00,13.00,-1061.00
2024-05-17 16:24:10.795975,0,-2,5,0,0,-8,81,84,31,20,54,191.18,247,-38.00,1.00,-989.00
2024-05-17 16:24:10.967284,0,-1,5,0,0,-8,81,84,41,30,54,191.20,247,19.00,0.00,-1019.00
2024-05-17 16:24:10.999746,0,-1,5,0,0,-7,81,84,49,40,54,191.27,247,-64.00,10.00,-915.00
2024-05-17 16:24:11.101876,0,0,5,0,0,-6,81,84,56,40,54,191.32,247,0.00,-26.00,-859.00
2024-05-17 16:24:11.274400,0,0,5,0,0,-4,81,84,60,50,54,191.43,247,12.00,-7.00,-863.00
2024-05-17 16:24:11.305866,0,0,5,0,0,-3,81,84,65,50,54,191.46,248,16.00,-13.00,-789.00
2024-05-17 16:24:11.479541,0,0,5,0,0,-2,81,84,68,50,54,191.51,248,-11.00,-8.00,-871.00
2024-05-17 16:24:11.509931,0,0,5,0,0,-1,81,84,70,60,54,191.60,248,-9.00,0.00,-879.00
2024-05-17 16:24:11.684101,0,0,5,0,0,0,81,84,72,60,54,191.60,248,-8.00,11.00,-949.00
2024-05-17 16:24:11.713733,0,0,5,0,0,0,82,84,73,60,54,191.64,248,-12.00,2.00,-876.00
2024-05-17 16:24:11.888620,0,0,5,0,0,0,82,84,73,60,54,191.67,248,45.00,2.00,-928.00
2024-05-17 16:24:11.917811,0,0,5,0,0,0,82,84,74,60,54,191.62,248,52.00,1.00,-1086.00
2024-05-17 16:24:12.093580,0,0,5,0,0,0,82,84,72,60,54,191.65,248,-44.00,17.00,-1003.00
2024-05-17 16:24:12.121790,0,0,5,0,0,0,82,84,72,60,54,191.56,248,34.00,-8.00,-1068.00
2024-05-17 16:24:12.297928,0,0,5,0,0,0,82,84,76,60,54,191.65,248,-48.00,-10.00,-896.00
2024-05-17 16:24:12.325852,0,0,5,0,0,0,82,84,73,60,54,191.65,249,-38.00,24.00,-1082.00
2024-05-17 16:24:12.427775,0,0,5,0,0,0,82,84,76,60,54,191.65,249,19.00,18.00,-990.00
2024-05-17 16:24:12.531652,0,0,5,0,0,0,82,84,76,60,54,191.65,249,49.00,2.00,-1033.00
2024-05-17 16:24:12.631736,0,0,5,0,0,0,82,84,74,60,54,191.63,249,41.00,11.00,-1061.00
2024-05-17 16:24:12.825625,0,0,5,0,0,0,82,83,74,60,54,191.61,249,-44.00,66.00,-1018.00
2024-05-17 16:24:12.835808,0,0,5,0,0,0,82,83,74,60,54,191.63,249,-59.00,-7.00,-916.00
2024-05-17 16:24:13.015349,0,0,5,0,0,0,82,83,78,60,54,191.65,249,31.00,-8.00,-971.00
2024-05-17 16:24:13.039759,0,0,5,0,0,0,82,83,76,60,54,191.65,249,31.00,11.00,-1011.00
2024-05-17 16:24:13.220358,0,0,5,0,0,0,82,83,75,60,54,191.63,249,14.00,14.00,-972.00
2024-05-17 16:24:13.220600,0,0,5,0,0,0,82,83,76,60,54,191.64,249,-25.00,22.00,-953.00
2024-05-17 16:24:13.294808,-1,0,5,0,0,0,82,83,77,60,54,191.66,250,-45.00,58.00,-1134.00
2024-05-17 16:24:13.425027,0,0,5,0,0,0,82,83,80,60,54,191.68,250,-17.00,-5.00,-1038.00
2024-05-17 16:24:13.498725,-1,0,5,0,0,0,82,83,81,60,54,191.71,250,-2.00,14.00,-948.00
2024-05-17 16:24:13.600724,-1,0,5,0,0,0,82,83,82,60,54,191.74,250,-23.00,27.00,-1022.00
2024-05-17 16:24:13.731362,0,0,5,0,0,-1,81,83,83,60,54,191.76,250,36.00,-12.00,-1142.00
2024-05-17 16:24:13.804810,1,0,5,0,0,-1,81,83,87,70,54,191.73,250,83.00,-17.00,-979.00
2024-05-17 16:24:13.936112,2,0,5,0,0,0,81,83,90,70,54,191.82,250,-49.00,31.00,-920.00
2024-05-17 16:24:14.008624,1,0,5,0,0,0,81,83,90,70,54,191.79,250,24.00,15.00,-950.00
2024-05-17 16:24:14.140960,1,0,5,0,0,0,81,83,89,70,54,191.77,250,55.00,10.00,-926.00
2024-05-17 16:24:14.212807,0,0,5,0,0,0,81,83,88,70,54,191.81,250,6.00,-3.00,-1003.00
2024-05-17 16:24:14.346433,0,0,5,0,0,0,81,83,89,70,54,191.77,251,26.00,-9.00,-999.00
2024-05-17 16:24:14.417185,0,0,5,0,0,0,81,83,90,70,54,191.89,251,100.00,-24.00,-1032.00
2024-05-17 16:24:14.555289,1,0,5,0,0,0,81,83,93,70,54,191.89,251,4.00,14.00,-922.00
2024-05-17 16:24:14.620775,0,0,5,0,0,0,81,83,91,70,54,191.83,251,3.00,-4.00,-971.00
2024-05-17 16:24:14.756177,0,0,5,0,0,0,82,83,91,70,54,191.83,251,67.00,-21.00,-991.00
2024-05-17 16:24:14.827753,0,0,5,0,0,0,82,83,91,70,54,191.83,251,76.00,-14.00,-1008.00
2024-05-17 16:24:14.928620,0,0,5,0,0,0,82,83,91,70,54,191.82,251,72.00,-35.00,-944.00
2024-05-17 16:24:15.028986,0,0,5,0,0,0,82,83,89,70,54,191.78,251,1.00,21.00,-980.00
2024-05-17 16:24:15.130660,0,0,5,0,0,0,82,83,88,70,54,191.83,251,1.00,25.00,-949.00
2024-05-17 16:24:15.267824,0,-1,5,0,0,1,82,83,90,70,54,191.84,251,47.00,-6.00,-995.00
2024-05-17 16:24:15.334557,0,-1,5,0,0,0,82,83,87,70,54,191.85,252,6.00,0.00,-981.00
2024-05-17 16:24:15.436666,0,-1,5,0,0,0,82,83,86,70,54,191.80,252,56.00,0.00,-1008.00
2024-05-17 16:24:15.574594,0,0,5,0,0,0,82,83,85,70,54,191.82,252,27.00,8.00,-1058.00
2024-05-17 16:24:15.640894,0,0,5,0,0,0,82,83,84,70,54,191.80,252,43.00,-23.00,-1116.00
2024-05-17 16:24:15.781904,0,0,5,0,0,0,81,82,83,70,54,191.77,252,37.00,-13.00,-1029.00
2024-05-17 16:24:15.845024,0,0,5,0,0,0,81,82,82,70,54,191.76,252,45.00,-29.00,-960.00
2024-05-17 16:24:15.984714,0,0,5,0,0,0,81,82,81,70,54,191.75,252,-20.00,16.00,-955.00
2024-05-17 16:24:16.048603,0,0,5,0,0,0,81,82,80,70,54,191.84,252,37.00,10.00,-1031.00
2024-05-17 16:24:16.189526,0,0,5,0,0,0,81,82,75,70,54,191.70,252,-39.00,27.00,-901.00
2024-05-17 16:24:16.252603,0,0,5,0,0,0,81,82,74,60,54,191.70,252,-54.00,55.00,-949.00
2024-05-17 16:24:16.393765,-1,0,5,0,0,0,81,82,77,60,54,191.74,253,35.00,15.00,-1115.00
2024-05-17 16:24:16.463068,-1,0,5,0,0,0,81,82,76,60,54,191.72,253,-27.00,33.00,-1039.00
2024-05-17 16:24:16.560473,0,0,5,0,0,0,81,82,76,60,54,191.68,253,54.00,-24.00,-1065.00
2024-05-17 16:24:16.660630,0,0,5,0,0,0,81,82,74,60,54,191.74,253,24.00,-13.00,-1009.00
2024-05-17 16:24:16.805984,0,0,5,0,0,0,80,83,73,60,54,191.70,253,5.00,8.00,-951.00
2024-05-17 16:24:16.864681,0,0,5,0,0,0,80,83,74,60,54,191.66,253,20.00,0.00,-942.00
2024-05-17 16:24:17.008771,0,0,5,0,0,0,80,83,74,60,54,191.70,253,38.00,0.00,-1131.00
2024-05-17 16:24:17.017556,1,0,5,0,0,0,80,83,78,60,54,191.72,253,-44.00,28.00,-954.00
2024-05-17 16:24:17.213819,0,0,5,0,0,0,80,83,77,60,54,191.71,253,46.00,-1.00,-1000.00
2024-05-17 16:24:17.221602,0,0,5,0,0,-1,80,83,80,60,54,191.75,253,39.00,-23.00,-927.00
2024-05-17 16:24:17.418529,0,0,5,0,0,0,80,83,77,60,54,191.71,254,5.00,13.00,-983.00
2024-05-17 16:24:17.428125,0,0,5,0,0,0,80,83,78,60,54,191.72,254,102.00,-23.00,-1032.00
2024-05-17 16:24:17.527649,0,0,5,0,0,0,80,83,77,60,54,191.72,254,77.00,-2.00,-1077.00
2024-05-17 16:24:17.725510,1,0,5,0,0,0,80,83,78,60,54,191.76,254,13.00,-13.00,-914.00
2024-05-17 16:24:17.731601,0,0,5,0,0,0,81,83,75,60,54,191.76,254,5.00,15.00,-944.00
2024-05-17 16:24:17.833866,0,0,5,0,0,0,81,83,76,60,54,191.66,254,10.00,45.00,-1007.00
2024-05-17 16:24:18.032738,0,0,5,0,0,0,81,83,77,60,54,191.67,254,54.00,-6.00,-1173.00
2024-05-17 16:24:18.038108,0,0,5,0,0,0,81,83,74,60,54,191.76,254,-41.00,32.00,-946.00
2024-05-17 16:24:18.237578,-1,0,5,0,0,0,81,83,74,60,54,191.73,254,1.00,31.00,-1074.00
2024-05-17 16:24:18.241557,-2,0,5,0,0,0,81,83,74,60,54,191.68,254,-12.00,5.00,-1004.00
2024-05-17 16:24:18.343727,-2,-1,5,0,0,0,81,83,72,60,54,191.67,255,20.00,-8.00,-1044.00
2024-05-17 16:24:18.445532,-1,-1,5,0,0,0,81,83,71,60,54,191.66,255,6.00,10.00,-963.00
2024-05-17 16:24:18.647473,-1,0,5,0,0,0,81,83,72,60,54,191.82,255,-21.00,24.00,-1058.00
2024-05-17 16:24:18.649674,0,0,5,0,0,0,81,83,71,60,54,191.67,255,-40.00,28.00,-1023.00
2024-05-17 16:24:18.751938,0,0,5,0,0,0,80,82,70,60,54,191.69,255,68.00,0.00,-1039.00
2024-05-17 16:24:18.853720,0,0,5,0,0,0,80,82,70,60,54,191.70,255,-50.00,1.00,-990.00
2024-05-17 16:24:18.955681,0,0,5,0,0,0,80,82,68,60,54,191.63,255,-26.00,34.00,-976.00
2024-05-17 16:24:19.158740,0,0,5,0,0,0,80,82,68,60,54,191.68,255,-15.00,-9.00,-979.00
2024-05-17 16:24:19.159606,0,0,5,0,0,0,80,82,71,60,54,191.68,255,-25.00,9.00,-952.00
2024-05-17 16:24:19.363809,0,0,5,0,0,0,80,82,71,60,54,191.68,255,39.00,-14.00,-1129.00
2024-05-17 16:24:19.363977,0,0,5,0,0,0,80,82,70,60,54,191.63,256,16.00,14.00,-959.00
2024-05-17 16:24:19.465972,0,0,5,0,0,0,80,82,70,60,54,191.67,256,-2.00,8.00,-962.00
2024-05-17 16:24:19.568284,0,0,5,0,0,0,80,82,71,60,54,191.63,256,-36.00,1.00,-947.00
2024-05-17 16:24:19.670732,0,0,5,0,0,0,80,82,73,60,54,191.69,256,44.00,-8.00,-1012.00
2024-05-17 16:24:19.776728,0,0,5,0,0,0,80,82,73,60,54,191.67,256,-8.00,17.00,-1044.00
2024-05-17 16:24:19.877692,0,0,5,0,0,0,80,82,75,60,54,191.68,256,-47.00,27.00,-977.00
2024-05-17 16:24:19.980367,0,0,5,0,0,0,80,82,76,60,54,191.72,256,-18.00,-13.00,-1027.00
2024-05-17 16:24:20.077755,0,0,5,0,0,0,80,82,77,60,54,191.78,256,-19.00,12.00,-1014.00
2024-05-17 16:24:20.182742,0,0,5,0,0,0,80,82,78,60,54,191.75,256,-29.00,30.00,-952.00
2024-05-17 16:24:20.281637,-1,0,5,0,0,0,80,82,82,60,54,191.76,256,25.00,11.00,-1044.00
2024-05-17 16:24:20.383473,0,0,5,0,0,0,80,82,82,60,54,191.77,257,-37.00,3.00,-934.00
2024-05-17 16:24:20.485627,0,0,5,0,0,0,80,82,85,70,54,191.87,257,50.00,-32.00,-979.00
2024-05-17 16:24:20.595269,0,0,5,0,0,-1,80,82,87,70,54,191.80,257,20.00,0.00,-1080.00
2024-05-17 16:24:20.638529,0,0,5,0,0,-2,80,82,88,70,54,191.84,257,-38.00,31.00,-1084.00
2024-05-17 16:24:20.797431,0,0,5,0,0,-3,80,82,96,70,54,191.85,257,15.00,2.00,-1147.00
2024-05-17 16:24:20.843197,0,0,5,0,0,-4,80,82,104,80,54,191.96,257,42.00,-30.00,-1131.00
2024-05-17 16:24:21.001806,0,0,5,0,0,-5,80,82,105,80,54,191.97,257,40.00,-14.00,-1021.00
2024-05-17 16:24:21.046440,1,0,5,0,0,-6,80,82,114,90,54,192.04,257,-21.00,29.00,-917.00
2024-05-17 16:24:21.148484,1,0,5,0,0,-5,80,82,116,90,54,192.06,257,1.00,26.00,-1059.00
2024-05-17 16:24:21.308999,0,0,5,0,0,-6,80,82,122,100,54,192.10,257,19.00,17.00,-928.00
2024-05-17 16:24:21.352498,1,0,5,0,0,-5,80,82,126,110,54,192.17,258,53.00,-14.00,-997.00
2024-05-17 16:24:21.454471,0,0,5,0,0,-5,80,82,134,110,54,192.19,258,-5.00,6.00,-1019.00
2024-05-17 16:24:21.616143,0,0,5,0,0,-4,80,82,138,110,54,192.27,258,-54.00,-13.00,-944.00
2024-05-17 16:24:21.658462,0,0,5,0,0,-4,80,82,142,120,54,192.36,258,21.00,-6.00,-999.00
2024-05-17 16:24:21.760573,-1,0,5,0,0,-4,80,82,146,120,54,192.30,258,62.00,10.00,-999.00
2024-05-17 16:24:21.923918,0,0,5,0,0,-3,80,82,150,130,54,192.38,258,37.00,1.00,-1029.00
2024-05-17 16:24:21.966514,0,0,5,0,0,-3,80,82,154,130,54,192.44,258,65.00,-9.00,-1014.00
2024-05-17 16:24:22.067011,0,0,5,0,0,-3,80,82,156,130,54,192.44,258,-50.00,-4.00,-908.00
2024-05-17 16:24:22.168803,0,0,5,0,0,-3,80,82,159,140,54,192.51,258,3.00,24.00,-1006.00
2024-05-17 16:24:22.333001,0,0,5,0,0,-2,80,82,162,140,54,192.52,258,24.00,-3.00,-908.00
2024-05-17 16:24:22.374493,0,0,5,0,0,-2,80,82,163,140,54,192.53,259,76.00,-9.00,-1084.00
2024-05-17 16:24:22.474468,0,0,5,0,0,-2,80,82,163,140,54,192.56,259,53.00,-2.00,-999.00
2024-05-17 16:24:22.640201,0,0,5,0,0,-1,80,82,164,150,54,192.59,259,9.00,-14.00,-1072.00
2024-05-17 16:24:22.680941,0,0,5,0,0,-1,80,82,167,150,54,192.52,259,-55.00,16.00,-975.00
2024-05-17 16:24:22.782598,0,0,5,0,0,-1,81,82,168,150,54,192.62,259,-6.00,-5.00,-922.00
2024-05-17 16:24:22.885048,0,0,5,0,0,-1,81,82,168,150,54,192.64,259,48.00,-14.00,-976.00
2024-05-17 16:24:22.984527,0,0,5,0,0,-1,81,82,169,150,54,192.62,259,-38.00,11.00,-967.00
2024-05-17 16:24:23.152192,0,0,5,0,0,-1,81,82,171,150,54,192.68,259,37.00,5.00,-919.00
2024-05-17 16:24:23.188421,0,0,5,0,0,-1,81,82,173,150,54,192.65,259,-11.00,29.00,-1052.00
2024-05-17 16:24:23.361059,0,0,5,0,0,-1,81,82,175,160,54,192.71,259,-44.00,9.00,-887.00
2024-05-17 16:24:23.392432,1,0,5,0,0,-1,81,82,177,160,54,192.66,260,12.00,-5.00,-902.00
2024-05-17 16:24:23.494586,0,0,5,0,0,0,81,82,177,160,54,192.78,260,84.00,-1.00,-968.00
2024-05-17 16:24:23.597742,1,0,5,0,0,0,81,82,180,160,54,192.72,260,6.00,18.00,-1084.00
2024-05-17 16:24:23.767141,0,0,5,0,0,-1,81,82,183,160,54,192.68,260,-28.00,25.00,-914.00
2024-05-17 16:24:23.800447,1,0,5,0,0,0,80,82,185,160,54,192.75,260,73.00,12.00,-1057.00
2024-05-17 16:24:23.972138,1,0,5,0,0,0,80,82,183,160,54,192.74,260,56.00,-7.00,-915.00
2024-05-17 16:24:24.004573,1,0,5,0,0,0,80,82,184,160,54,192.75,260,25.00,19.00,-948.00
2024-05-17 16:24:24.176441,0,0,5,0,0,0,80,82,185,160,54,192.85,260,-34.00,45.00,-933.00
2024-05-17 16:24:24.208424,0,0,5,0,0,0,80,82,185,160,54,192.81,260,100.00,8.00,-1107.00
2024-05-17 16:24:24.259402,0,0,5,0,0,0,80,82,185,170,54,192.72,260,-19.00,21.00,-992.00
2024-05-17 16:24:24.361969,0,0,5,0,0,0,80,82,186,170,54,192.79,261,9.00,-12.00,-989.00
2024-05-17 16:24:24.464074,0,0,5,0,0,0,80,82,185,170,54,192.83,261,-48.00,37.00,-931.00
2024-05-17 16:24:24.587407,0,0,5,0,0,0,80,82,185,170,54,192.80,261,57.00,-20.00,-987.00
2024-05-17 16:24:24.677234,0,0,5,0,0,0,80,82,185,170,54,192.75,261,10.00,10.00,-1041.00
2024-05-17 16:24:24.769862,0,0,5,0,0,0,80,82,186,170,54,192.79,261,29.00,16.00,-934.00
2024-05-17 16:24:24.895316,0,0,5,0,0,0,80,82,185,170,54,192.83,261,2.00,-8.00,-984.00
2024-05-17 16:24:24.975757,0,0,5,0,0,0,80,82,185,160,54,192.83,261,31.00,-9.00,-1049.00
2024-05-17 16:24:25.075693,0,0,5,0,0,0,80,82,187,160,54,192.78,261,46.00,15.00,-1014.00
2024-05-17 16:24:25.208492,1,0,5,0,0,0,80,82,182,160,54,192.78,261,18.00,1.00,-944.00
2024-05-17 16:24:25.279588,1,0,5,0,0,0,80,82,186,160,54,192.74,262,-72.00,31.00,-957.00
2024-05-17 16:24:25.407953,0,0,5,0,0,0,80,82,184,160,54,192.77,262,-42.00,25.00,-1009.00
2024-05-17 16:24:25.483211,0,0,5,0,0,0,80,82,185,160,54,192.75,262,-1.00,41.00,-1056.00
2024-05-17 16:24:25.585375,0,0,5,0,0,0,80,82,184,160,54,192.76,262,14.00,11.00,-996.00
2024-05-17 16:24:25.712563,0,0,5,0,0,0,80,82,181,160,54,192.69,262,-46.00,29.00,-993.00
2024-05-17 16:24:25.790915,-1,0,5,0,0,1,80,82,184,160,54,192.70,262,5.00,6.00,-937.00
2024-05-17 16:24:25.891360,-1,0,5,0,0,1,80,82,185,160,54,192.74,262,75.00,-8.00,-1045.00
2024-05-17 16:24:26.021602,0,0,5,0,0,0,80,82,184,160,54,192.74,262,20.00,10.00,-1009.00
2024-05-17 16:24:26.095384,1,0,5,0,0,1,80,82,179,160,54,192.76,262,-35.00,45.00,-1001.00
2024-05-17 16:24:26.224828,1,1,5,0,0,1,80,82,180,160,54,192.77,262,3.00,1.00,-953.00
2024-05-17 16:24:26.307601,1,1,5,0,0,2,80,82,179,160,54,192.71,263,-2.00,33.00,-987.00
2024-05-17 16:24:26.401527,1,1,5,0,0,2,80,82,177,160,54,192.68,263,-88.00,70.00,-985.00
2024-05-17 16:24:26.503194,1,0,5,0,0,2,80,82,175,150,54,192.61,263,47.00,-6.00,-1088.00
2024-05-17 16:24:26.633801,1,0,5,0,0,2,80,82,170,150,54,192.61,263,0.00,7.00,-946.00
2024-05-17 16:24:26.707196,0,0,5,0,0,2,80,82,166,150,54,192.55,263,42.00,-18.00,-1008.00
2024-05-17 16:24:26.809150,0,0,5,0,0,2,79,82,163,150,54,192.60,263,-24.00,25.00,-1023.00
2024-05-17 16:24:26.940998,0,0,5,0,0,2,79,82,160,140,54,192.51,263,-38.00,27.00,-999.00
2024-05-17 16:24:27.013435,0,0,5,0,0,2,79,82,159,140,54,192.53,263,62.00,-21.00,-1010.00
2024-05-17 16:24:27.146287,0,0,5,0,0,2,79,82,157,140,54,192.46,263,38.00,1.00,-1014.00
2024-05-17 16:24:27.217121,0,0,5,0,0,2,79,82,154,140,54,192.53,263,39.00,-6.00,-984.00
2024-05-17 16:24:27.353004,0,0,5,0,0,1,79,82,152,130,54,192.51,264,24.00,7.00,-1018.00
2024-05-17 16:24:27.421180,0,0,5,0,0,1,79,82,150,130,54,192.39,264,8.00,0.00,-1006.00
2024-05-17 16:24:27.560519,0,0,5,0,0,1,79,82,147,130,54,192.46,264,-10.00,-10.00,-985.00
2024-05-17 16:24:27.625135,0,0,5,0,0,1,79,82,145,130,54,192.44,264,18.00,-5.00,-1031.00
2024-05-17 16:24:27.762769,0,0,5,0,0,1,79,82,143,130,54,192.41,264,-23.00,15.00,-1037.00
2024-05-17 16:24:27.835241,0,0,5,0,0,1,80,82,141,130,54,192.34,264,-11.00,-2.00,-991.00
2024-05-17 16:24:27.931135,0,0,5,0,0,1,80,82,139,120,54,192.33,264,23.00,-24.00,-951.00
2024-05-17 16:24:28.067297,0,0,5,0,0,1,80,82,137,120,54,192.34,264,-25.00,10.00,-945.00
2024-05-17 16:24:28.084277,0,0,5,0,0,1,80,82,137,120,54,192.30,264,-18.00,24.00,-1070.00
2024-05-17 16:24:28.273499,0,0,5,0,0,0,80,82,136,120,54,192.29,264,65.00,0.00,-1057.00
2024-05-17 16:24:28.288114,0,0,5,0,0,0,80,82,134,120,54,192.34,265,-8.00,38.00,-974.00
2024-05-17 16:24:28.390188,0,0,5,0,0,0,80,82,133,120,54,192.28,265,76.00,-43.00,-1005.00
2024-05-17 16:24:28.492163,0,0,5,0,0,0,80,82,132,120,54,192.37,265,28.00,10.00,-1037.00
2024-05-17 16:24:28.681909,0,0,5,0,0,0,80,82,132,120,54,192.25,265,60.00,-6.00,-1049.00
2024-05-17 16:24:28.696316,0,0,5,0,0,0,80,82,133,120,54,192.22,265,14.00,2.00,-1022.00
2024-05-17 16:24:28.798138,0,0,5,0,0,0,79,82,133,120,54,192.24,265,-26.00,28.00,-1007.00
2024-05-17 16:24:28.989089,0,0,5,0,0,0,79,82,133,110,54,192.23,265,0.00,22.00,-1042.00
2024-05-17 16:24:29.002522,0,0,5,0,0,0,79,82,132,110,54,192.23,265,50.00,18.00,-1043.00
2024-05-17 16:24:29.193838,0,0,5,0,0,0,79,82,133,110,54,192.24,265,76.00,-21.00,-1038.00
2024-05-17 16:24:29.207568,0,0,5,0,0,0,79,82,132,110,54,192.29,265,41.00,2.00,-1035.00
2024-05-17 16:24:29.401834,0,0,5,0,0,0,79,82,131,110,54,192.26,266,1.00,17.00,-1036.00
2024-05-17 16:24:29.410254,0,0,5,0,0,0,79,82,129,110,54,192.27,266,103.00,-39.00,-1060.00
2024-05-17 16:24:29.512196,0,0,5,0,0,0,79,82,129,110,54,192.24,266,-5.00,8.00,-920.00
2024-05-17 16:24:29.705955,0,0,5,0,0,0,79,82,130,110,54,192.24,266,-13.00,-3.00,-1031.00
2024-05-17 16:24:29.716102,0,0,5,0,0,0,79,82,133,110,54,192.24,266,-22.00,51.00,-1054.00
2024-05-17 16:24:29.911179,0,0,5,0,0,0,79,82,136,120,54,192.22,266,-8.00,12.00,-1011.00
2024-05-17 16:24:29.920146,0,0,5,0,0,0,79,82,135,120,54,192.26,266,-21.00,26.00,-877.00
2024-05-17 16:24:30.115335,0,0,5,0,0,0,79,82,135,120,54,192.35,266,36.00,-11.00,-1120.00
2024-05-17 16:24:30.124140,0,0,5,0,0,0,79,82,134,120,54,192.26,266,-1.00,-5.00,-943.00
2024-05-17 16:24:30.320300,1,0,5,0,0,0,79,82,134,120,54,192.33,266,-10.00,32.00,-968.00
2024-05-17 16:24:30.328756,0,0,5,0,0,0,79,82,136,120,54,192.32,267,-53.00,55.00,-999.00
2024-05-17 16:24:30.430118,0,-1,5,0,0,0,79,82,135,120,54,192.22,267,-24.00,18.00,-960.00
2024-05-17 16:24:30.630286,-4,-2,5,0,0,0,79,82,136,120,54,192.33,267,-21.00,19.00,-907.00
2024-05-17 16:24:30.635017,-8,-1,5,0,0,0,79,82,139,120,54,192.25,267,-28.00,7.00,-975.00
2024-05-17 16:24:30.832775,-8,-1,5,2,0,0,79,82,138,120,54,192.23,267,-18.00,30.00,-1009.00
2024-05-17 16:24:30.838974,-8,0,5,3,0,0,80,82,138,120,54,192.29,267,-60.00,35.00,-977.00
2024-05-17 16:24:31.038124,-8,0,5,4,0,0,80,82,138,120,54,192.24,267,-95.00,43.00,-979.00
2024-05-17 16:24:31.042983,-8,0,5,6,0,0,80,82,138,120,54,192.36,267,-4.00,11.00,-1190.00
2024-05-17 16:24:31.244561,-6,0,5,7,0,0,80,82,139,120,54,192.26,267,-52.00,27.00,-1021.00
2024-05-17 16:24:31.251200,-4,0,5,7,0,0,80,82,137,120,54,192.33,267,-75.00,33.00,-973.00
2024-05-17 16:24:31.348895,-4,0,5,8,0,0,80,82,139,120,54,192.23,268,-4.00,-6.00,-1073.00
2024-05-17 16:24:31.548890,-1,0,5,8,0,0,80,82,140,120,54,192.23,268,-29.00,16.00,-1078.00
2024-05-17 16:24:31.549897,1,0,5,7,1,0,80,82,139,120,54,192.28,268,-9.00,24.00,-969.00
2024-05-17 16:24:31.604965,4,0,5,6,1,0,80,82,141,120,54,192.38,268,-54.00,18.00,-980.00
2024-05-17 16:24:31.761610,4,0,5,5,0,0,80,82,140,120,54,192.31,268,1.00,10.00,-1098.00
2024-05-17 16:24:31.859939,3,-1,5,4,0,0,80,81,142,120,54,192.39,268,-70.00,20.00,-955.00
2024-05-17 16:24:32.061152,1,-2,5,3,0,0,80,81,137,120,54,192.26,268,-64.00,21.00,-968.00
2024-05-17 16:24:32.061655,1,0,5,3,0,0,80,81,135,120,54,192.30,268,0.00,9.00,-959.00
2024-05-17 16:24:32.115019,0,0,5,3,0,0,80,81,135,120,54,192.34,268,20.00,-15.00,-988.00
2024-05-17 16:24:32.268360,0,2,5,2,0,0,80,81,137,120,54,192.35,268,-23.00,62.00,-957.00
2024-05-17 16:24:32.318820,1,2,5,2,0,0,80,81,138,120,54,192.30,269,31.00,-3.00,-1025.00
2024-05-17 16:24:32.470551,0,0,5,2,1,0,80,81,133,120,54,192.33,269,46.00,14.00,-995.00
2024-05-17 16:24:32.522939,0,-3,5,2,1,0,80,81,134,120,54,192.30,269,-9.00,6.00,-1044.00
2024-05-17 16:24:32.675977,0,-2,5,2,0,0,80,81,133,120,54,192.26,269,26.00,8.00,-980.00
2024-05-17 16:24:32.726971,4,0,5,2,0,0,80,81,134,120,54,192.26,269,18.00,10.00,-1052.00
2024-05-17 16:24:32.880012,3,0,5,0,0,0,79,81,136,120,54,192.24,269,-37.00,14.00,-1009.00
2024-05-17 16:24:32.930914,1,0,5,0,0,0,79,81,132,120,54,192.25,269,60.00,-7.00,-1002.00
2024-05-17 16:24:33.084981,0,0,5,0,0,0,79,81,133,120,54,192.22,269,30.00,24.00,-1011.00
2024-05-17 16:24:33.135162,0,0,5,0,0,0,79,81,134,120,54,192.20,269,2.00,32.00,-929.00
2024-05-17 16:24:33.289916,0,0,5,0,0,0,79,81,134,120,54,192.23,269,-13.00,0.00,-993.00
2024-05-17 16:24:33.340589,0,0,5,0,0,0,79,81,135,120,54,192.29,270,35.00,-5.00,-1055.00
2024-05-17 16:24:33.441121,0,0,5,0,0,0,79,81,134,120,54,192.19,270,67.00,1.00,-1109.00
2024-05-17 16:24:33.597434,1,0,5,0,0,0,79,81,136,120,54,192.26,270,7.00,12.00,-912.00
2024-05-17 16:24:33.645042,1,0,5,0,0,0,79,81,136,120,54,192.26,270,50.00,4.00,-1055.00
2024-05-17 16:24:33.802425,0,0,5,0,0,0,79,81,134,120,54,192.24,270,94.00,-28.00,-937.00
2024-05-17 16:24:33.849052,1,0,5,0,0,0,79,82,134,120,54,192.31,270,12.00,-7.00,-912.00
2024-05-17 16:24:34.006848,1,0,5,0,0,0,79,82,133,120,54,192.35,270,21.00,10.00,-982.00
2024-05-17 16:24:34.055674,0,0,5,0,0,0,79,82,134,120,54,192.31,270,-66.00,37.00,-951.00
2024-05-17 16:24:34.155377,0,0,5,0,0,1,79,82,134,120,54,192.30,270,94.00,-14.00,-1087.00
2024-05-17 16:24:34.323744,0,-1,5,0,0,1,79,82,133,120,54,192.23,270,-42.00,41.00,-1048.00
2024-05-17 16:24:34.360262,0,-1,5,0,0,0,79,82,132,120,54,192.28,271,-24.00,32.00,-1019.00
2024-05-17 16:24:34.521768,0,-1,5,0,0,0,79,82,131,110,54,192.19,271,-22.00,5.00,-924.00
2024-05-17 16:24:34.563323,0,-1,5,0,0,0,79,82,131,110,54,192.22,271,-32.00,40.00,-967.00
2024-05-17 16:24:34.726055,0,0,5,0,0,0,79,82,132,110,54,192.27,271,-58.00,24.00,-914.00
2024-05-17 16:24:34.766999,0,0,5,0,0,0,79,82,132,110,54,192.26,271,-54.00,39.00,-940.00
2024-05-17 16:24:34.883385,0,0,5,0,0,0,79,82,133,110,54,192.22,271,30.00,1.00,-1010.00
2024-05-17 16:24:34.970800,0,0,5,0,0,0,79,82,131,110,54,192.27,271,65.00,22.00,-1092.00
2024-05-17 16:24:35.235378,2,0,5,0,0,0,79,82,135,120,54,192.22,271,20.00,18.00,-965.00
2024-05-17 16:24:35.235501,8,0,5,0,0,0,79,82,133,120,54,192.30,271,19.00,-9.00,-1020.00
2024-05-17 16:24:35.279375,8,0,5,-1,0,0,79,82,133,120,54,192.25,271,100.00,0.00,-997.00
2024-05-17 16:24:35.378784,8,0,5,-2,0,0,79,82,133,120,54,192.19,272,70.00,6.00,-1057.00
2024-05-17 16:24:35.543198,8,0,5,-3,0,0,79,82,133,120,54,192.22,272,3.00,43.00,-925.00
2024-05-17 16:24:35.583845,8,0,5,-4,0,0,79,82,133,120,54,192.22,272,13.00,17.00,-922.00
2024-05-17 16:24:35.747729,8,0,5,-6,0,0,79,82,131,120,54,192.25,272,53.00,11.00,-1040.00
2024-05-17 16:24:35.747798,7,0,5,-7,0,0,79,82,132,120,54,192.17,272,148.00,-13.00,-1097.00
2024-05-17 16:24:35.953659,5,0,5,-7,0,0,79,81,132,120,54,192.18,272,35.00,30.00,-931.00
2024-05-17 16:24:35.953726,5,0,5,-8,0,0,79,81,132,120,54,192.21,272,33.00,59.00,-1083.00
2024-05-17 16:24:36.044986,1,0,5,-8,0,0,79,81,131,120,54,192.16,272,68.00,39.00,-1049.00
2024-05-17 16:24:36.145805,-1,0,5,-8,0,0,79,81,131,120,54,192.23,272,89.00,12.00,-1065.00
2024-05-17 16:24:36.246825,-4,0,5,-6,0,0,79,81,128,110,54,192.14,272,118.00,-12.00,-1124.00
2024-05-17 16:24:36.361880,-4,0,5,-5,0,0,79,81,131,110,54,192.20,273,95.00,0.00,-1070.00
2024-05-17 16:24:36.450987,-3,0,5,-4,0,0,79,81,131,110,54,192.17,273,52.00,6.00,-1017.00
2024-05-17 16:24:36.566447,0,0,5,-3,0,0,79,81,131,110,54,192.28,273,31.00,1.00,-921.00
2024-05-17 16:24:36.655794,0,0,5,-3,0,0,79,81,130,110,54,192.14,273,52.00,0.00,-1077.00
2024-05-17 16:24:36.771984,0,1,5,-2,0,0,79,81,129,110,54,192.25,273,-51.00,24.00,-991.00
2024-05-17 16:24:36.859748,0,0,5,-2,0,0,79,82,132,110,54,192.22,273,40.00,-8.00,-1026.00
2024-05-17 16:24:36.978941,0,0,5,-2,0,0,79,82,132,110,54,192.22,273,22.00,-18.00,-1017.00
2024-05-17 16:24:37.063826,1,2,5,-1,0,0,79,82,136,110,54,192.31,273,54.00,-5.00,-1042.00
2024-05-17 16:24:37.180860,1,1,5,-1,0,-1,79,82,137,120,54,192.28,273,8.00,41.00,-933.00
2024-05-17 16:24:37.272929,1,1,5,-1,0,0,79,82,136,120,54,192.27,273,31.00,9.00,-1024.00
2024-05-17 16:24:37.369694,1,1,5,-1,0,0,79,82,134,120,54,192.19,274,60.00,-18.00,-981.00
2024-05-17 16:24:37.493628,2,1,5,-1,0,0,79,82,135,120,54,192.28,274,-9.00,7.00,-942.00
2024-05-17 16:24:37.573881,2,-1,5,-2,0,0,79,82,132,120,54,192.16,274,31.00,-4.00,-1027.00
2024-05-17 16:24:37.676229,1,-2,5,-2,0,0,79,82,131,120,54,192.25,274,-11.00,23.00,-969.00
2024-05-17 16:24:37.777870,-2,-1,5,-2,0,0,79,82,131,120,54,192.17,274,73.00,-20.00,-996.00
2024-05-17 16:24:37.898399,-4,-1,5,-1,0,0,79,81,130,120,54,192.16,274,-54.00,32.00,-1005.00
2024-05-17 16:24:37.981889,-2,0,5,-1,0,0,79,81,129,110,54,192.19,274,-25.00,15.00,-1055.00
2024-05-17 16:24:38.102772,-1,0,5,0,0,0,79,81,128,110,54,192.15,274,-36.00,42.00,-1038.00
2024-05-17 16:24:38.186715,0,0,5,0,0,0,79,81,128,110,54,192.11,274,-39.00,25.00,-1029.00
2024-05-17 16:24:38.287849,0,0,5,0,0,0,79,81,127,110,54,192.17,274,-27.00,27.00,-1019.00
2024-05-17 16:24:38.390655,0,0,5,0,0,0,79,81,126,110,54,192.12,275,-37.00,45.00,-999.00
2024-05-17 16:24:38.493904,0,0,5,0,0,0,79,81,126,110,53,192.23,275,12.00,7.00,-1143.00
2024-05-17 16:24:38.595704,0,0,5,0,0,0,79,81,125,110,53,192.21,275,-36.00,31.00,-1031.00
2024-05-17 16:24:38.698049,0,0,5,0,0,0,79,81,125,110,53,192.19,275,32.00,0.00,-1037.00
2024-05-17 16:24:38.800232,1,0,5,0,0,0,79,81,129,110,53,192.20,275,17.00,12.00,-1029.00
2024-05-17 16:24:38.899845,1,0,5,0,0,0,80,82,133,110,53,192.21,275,-6.00,19.00,-941.00
2024-05-17 16:24:39.028486,2,0,5,0,0,-1,80,82,133,110,53,192.19,275,49.00,7.00,-1012.00
2024-05-17 16:24:39.103870,1,0,5,0,0,-1,80,82,134,110,53,192.19,275,-22.00,35.00,-996.00
2024-05-17 16:24:39.206181,1,0,5,0,0,-1,80,82,137,120,53,192.27,275,44.00,2.00,-1054.00
2024-05-17 16:24:39.259068,1,0,5,0,0,-1,80,82,135,120,53,192.30,275,66.00,-11.00,-977.00
2024-05-17 16:24:39.359988,1,0,5,0,0,0,80,82,135,120,53,192.29,276,-60.00,38.00,-941.00
2024-05-17 16:24:39.466527,1,0,5,0,0,0,80,82,135,120,53,192.30,276,48.00,-5.00,-932.00
2024-05-17 16:24:39.564225,0,0,5,0,0,0,80,82,138,120,53,192.24,276,-10.00,7.00,-927.00
2024-05-17 16:24:39.666698,0,0,5,0,0,0,80,82,138,120,53,192.25,276,-47.00,14.00,-1000.00
2024-05-17 16:24:39.769439,0,0,5,0,0,0,80,82,137,120,53,192.25,276,0.00,23.00,-1013.00
2024-05-17 16:24:39.868746,0,0,5,0,0,0,79,82,137,120,53,192.23,276,-34.00,27.00,-1025.00
2024-05-17 16:24:39.970875,0,0,5,0,0,0,79,82,137,120,53,192.32,276,49.00,-24.00,-1093.00
2024-05-17 16:24:40.152351,0,-6,5,0,0,0,79,82,137,120,53,192.29,276,-42.00,34.00,-992.00
2024-05-17 16:24:40.180049,0,-8,5,0,-1,0,79,82,139,120,53,192.34,276,-25.00,36.00,-957.00
2024-05-17 16:24:40.277573,1,-6,5,0,-2,0,79,82,138,120,53,192.39,277,62.00,1.00,-995.00
2024-05-17 16:24:40.459015,2,-3,5,0,-3,0,79,82,137,120,53,192.32,277,-89.00,53.00,-903.00
2024-05-17 16:24:40.480912,1,0,5,0,-4,0,79,82,135,120,53,192.37,277,-83.00,69.00,-994.00
2024-05-17 16:24:40.582978,0,0,5,0,-3,0,79,82,134,120,53,192.30,277,71.00,-3.00,-1001.00
2024-05-17 16:24:40.766500,0,0,5,0,-3,0,79,82,135,120,53,192.25,277,-51.00,62.00,-962.00
2024-05-17 16:24:40.786590,0,0,5,0,-2,0,79,82,136,120,53,192.27,277,54.00,-5.00,-971.00
2024-05-17 16:24:40.970931,1,0,5,0,-2,0,79,82,140,120,53,192.26,277,0.00,39.00,-998.00
2024-05-17 16:24:40.990554,1,-1,5,0,-2,0,79,82,137,120,53,192.26,277,-13.00,31.00,-929.00
2024-05-17 16:24:41.175127,0,-1,5,0,-2,0,79,82,137,120,53,192.30,277,45.00,32.00,-996.00
2024-05-17 16:24:41.194516,1,-1,5,0,-2,0,79,82,136,120,53,192.28,277,-27.00,23.00,-895.00
2024-05-17 16:24:41.379951,1,0,5,0,-2,0,79,82,137,120,53,192.36,278,-6.00,-7.00,-985.00
2024-05-17 16:24:41.398856,1,0,5,0,-2,0,79,82,137,120,53,192.36,278,87.00,-1.00,-992.00
2024-05-17 16:24:41.500566,1,1,5,0,-2,0,79,82,139,120,53,192.29,278,3.00,43.00,-1028.00
2024-05-17 16:24:41.686432,0,3,5,0,-1,0,79,82,139,120,53,192.27,278,30.00,26.00,-1043.00
2024-05-17 16:24:41.705027,1,3,5,0,-1,0,79,82,141,120,53,192.22,278,-15.00,37.00,-905.00
2024-05-17 16:24:41.891238,1,1,5,0,0,0,79,82,138,120,53,192.31,278,52.00,-2.00,-996.00
2024-05-17 16:24:41.908518,4,0,5,0,0,0,79,82,139,120,53,192.30,278,54.00,11.00,-979.00
2024-05-17 16:24:42.096037,5,1,5,0,0,0,79,82,139,120,53,192.25,278,-32.00,34.00,-1033.00
2024-05-17 16:24:42.112526,3,0,5,-1,0,0,79,82,137,120,53,192.31,278,90.00,-2.00,-1011.00
2024-05-17 16:24:42.301683,-2,0,5,-1,0,0,79,82,136,120,53,192.28,278,-6.00,23.00,-1018.00
2024-05-17 16:24:42.316640,-2,0,5,0,0,0,79,82,137,120,53,192.29,279,73.00,15.00,-1061.00
2024-05-17 16:24:42.506672,0,0,5,0,0,0,79,82,137,120,53,192.25,279,24.00,12.00,-1052.00
2024-05-17 16:24:42.520482,1,0,5,0,0,0,79,82,135,120,52,192.24,279,63.00,-35.00,-1017.00
2024-05-17 16:24:42.710762,0,0,5,0,0,0,79,82,135,120,52,192.27,279,37.00,-4.00,-1023.00
2024-05-17 16:24:42.724614,0,0,5,0,0,0,79,82,138,120,52,192.22,279,22.00,-11.00,-1091.00
2024-05-17 16:24:42.917671,1,0,5,0,0,0,79,82,136,120,52,192.31,279,1.00,-7.00,-998.00
2024-05-17 16:24:42.929139,1,0,5,0,0,0,78,81,136,120,52,192.32,279,83.00,-12.00,-1013.00
2024-05-17 16:24:43.120532,0,0,5,0,0,0,78,81,137,120,52,192.23,279,58.00,-11.00,-1012.00
2024-05-17 16:24:43.133960,1,0,5,0,0,0,78,81,134,120,52,192.20,279,75.00,-14.00,-960.00
2024-05-17 16:24:43.186741,1,0,5,0,0,0,78,81,134,120,52,192.27,279,0.00,6.00,-910.00
2024-05-17 16:24:43.285571,1,0,5,0,0,0,78,81,133,120,52,192.32,280,-4.00,11.00,-987.00
2024-05-17 16:24:43.428270,0,0,5,0,0,1,78,81,135,120,52,192.32,280,25.00,-20.00,-1063.00
2024-05-17 16:24:43.489903,-1,0,5,0,0,0,78,81,134,110,52,192.34,280,-2.00,1.00,-1106.00
2024-05-17 16:24:43.633704,0,0,5,0,0,0,78,81,133,110,52,192.26,280,-20.00,34.00,-978.00
2024-05-17 16:24:43.693706,0,0,5,0,0,0,78,81,135,110,52,192.27,280,17.00,0.00,-1056.00
2024-05-17 16:24:43.837674,0,0,5,0,0,0,78,81,136,110,52,192.19,280,11.00,7.00,-942.00
2024-05-17 16:24:43.897614,2,0,5,0,0,0,79,81,137,120,52,192.25,280,40.00,-13.00,-1016.00
2024-05-17 16:24:44.047240,2,1,5,0,0,0,79,81,140,120,52,192.32,280,-36.00,4.00,-954.00
2024-05-17 16:24:44.101585,1,0,5,0,0,0,79,81,137,120,52,192.30,280,7.00,25.00,-1129.00
2024-05-17 16:24:44.204100,1,0,5,0,0,0,79,81,136,120,52,192.31,280,96.00,-15.00,-994.00
2024-05-17 16:24:44.348879,0,4,5,0,0,0,79,81,142,120,52,192.42,281,-25.00,18.00,-949.00
2024-05-17 16:24:44.407573,0,7,5,0,1,0,79,81,144,120,52,192.33,281,53.00,-3.00,-968.00
2024-05-17 16:24:44.554159,0,5,5,0,2,0,79,81,143,120,52,192.38,281,4.00,21.00,-932.00
2024-05-17 16:24:44.611472,0,3,5,0,3,0,79,81,143,120,52,192.43,281,20.00,-33.00,-1068.00
2024-05-17 16:24:44.758698,0,0,5,0,4,0,79,81,144,120,52,192.36,281,-4.00,33.00,-957.00
2024-05-17 16:24:44.815614,0,-2,5,0,4,0,79,81,146,120,52,192.32,281,-26.00,2.00,-933.00
2024-05-17 16:24:44.968648,0,-2,5,0,3,0,80,81,148,120,52,192.43,281,12.00,-3.00,-1116.00
2024-05-17 16:24:45.019499,0,-1,5,0,3,0,80,81,150,120,52,192.34,281,-48.00,17.00,-1002.00
2024-05-17 16:24:45.168915,0,-1,5,0,3,0,80,81,155,120,52,192.37,281,-3.00,8.00,-1008.00
2024-05-17 16:24:45.223671,0,-1,5,0,2,-1,80,81,157,130,52,192.42,281,9.00,-32.00,-984.00
2024-05-17 16:24:45.372895,0,0,5,0,2,-1,80,81,155,130,52,192.47,282,-4.00,2.00,-938.00
2024-05-17 16:24:45.427477,2,0,5,0,2,0,80,81,161,130,52,192.41,282,-5.00,18.00,-901.00
2024-05-17 16:24:45.534629,4,0,5,0,2,0,80,81,160,130,51,192.44,282,3.00,-22.00,-871.00
2024-05-17 16:24:45.631365,4,0,5,0,2,0,80,81,159,130,51,192.45,282,9.00,-23.00,-1021.00
2024-05-17 16:24:45.785563,3,0,5,0,2,0,80,81,159,130,51,192.43,282,38.00,-14.00,-1008.00
2024-05-17 16:24:45.835409,3,0,5,-1,2,0,80,81,159,130,51,192.47,282,31.00,20.00,-968.00
2024-05-17 16:24:45.991073,3,-1,5,-1,2,1,79,81,157,130,51,192.40,282,-38.00,33.00,-974.00
2024-05-17 16:24:46.039415,3,-1,5,-1,1,1,79,81,156,130,51,192.40,282,2.00,30.00,-1011.00
2024-05-17 16:24:46.195280,2,-3,5,-1,1,1,79,81,152,130,51,192.38,282,12.00,16.00,-1010.00
2024-05-17 16:24:46.245693,2,-3,5,-1,1,1,79,81,151,130,51,192.35,282,100.00,-17.00,-1043.00
2024-05-17 16:24:46.345405,3,-1,5,-1,0,1,79,81,149,130,51,192.34,283,84.00,-5.00,-1034.00
2024-05-17 16:24:46.499342,3,0,5,-1,0,1,79,81,147,130,51,192.30,283,-23.00,46.00,-935.00
2024-05-17 16:24:46.549371,-4,-1,5,-1,0,1,79,81,142,120,51,192.30,283,42.00,9.00,-989.00
2024-05-17 16:24:46.704091,-2,-1,5,-1,0,1,79,81,139,120,51,192.26,283,99.00,-24.00,-1027.00
2024-05-17 16:24:46.704401,0,-1,5,0,0,1,79,81,138,120,51,192.27,283,-60.00,46.00,-997.00
2024-05-17 16:24:46.806356,0,-1,5,0,0,1,79,81,136,120,51,192.28,283,67.00,-19.00,-1075.00
2024-05-17 16:24:46.958645,0,-1,5,0,0,1,79,81,135,120,51,192.26,283,-104.00,76.00,-1018.00
2024-05-17 16:24:47.115293,0,-1,5,0,0,1,79,81,133,120,51,192.30,283,5.00,7.00,-1034.00
2024-05-17 16:24:47.115541,0,-1,5,0,0,0,79,81,133,120,51,192.30,283,-27.00,22.00,-955.00
2024-05-17 16:24:47.213388,0,-1,5,0,0,0,79,81,132,110,51,192.28,283,-10.00,44.00,-1061.00
2024-05-17 16:24:47.318793,0,-1,5,0,0,0,79,81,133,110,51,192.28,284,23.00,6.00,-1083.00
2024-05-17 16:24:47.417532,0,-1,5,0,0,0,79,81,133,110,51,192.32,284,86.00,-10.00,-1054.00
2024-05-17 16:24:47.526718,0,-1,5,0,0,0,79,81,135,110,51,192.26,284,-4.00,19.00,-1045.00
2024-05-17 16:24:47.621495,0,0,5,0,0,0,79,81,135,120,51,192.32,284,-20.00,55.00,-936.00
2024-05-17 16:24:47.729776,0,0,5,0,0,0,79,81,134,120,51,192.27,284,-22.00,48.00,-986.00
2024-05-17 16:24:47.825509,0,-1,5,0,0,0,79,81,134,120,51,192.30,284,56.00,-19.00,-965.00
2024-05-17 16:24:47.932907,0,-1,5,0,0,0,78,81,136,120,51,192.28,284,-16.00,19.00,-1030.00
2024-05-17 16:24:48.029475,0,0,5,0,0,0,78,81,135,120,51,192.30,284,-39.00,27.00,-1020.00
2024-05-17 16:24:48.139098,0,0,5,0,0,0,78,81,138,120,51,192.27,284,37.00,35.00,-1015.00
2024-05-17 16:24:48.233716,0,-1,5,0,0,0,78,81,137,120,51,192.33,284,9.00,48.00,-861.00
2024-05-17 16:24:48.345342,1,0,5,0,0,0,78,81,139,120,51,192.37,285,16.00,27.00,-1080.00
2024-05-17 16:24:48.437722,0,-1,5,0,0,0,78,81,137,120,51,192.41,285,35.00,18.00,-1077.00
2024-05-17 16:24:48.539503,0,-1,5,0,0,0,78,81,137,120,51,192.32,285,7.00,20.00,-909.00
2024-05-17 16:24:48.649844,0,-1,5,0,0,0,78,81,136,120,51,192.33,285,-40.00,31.00,-932.00
2024-05-17 16:24:48.745246,0,-1,5,0,0,0,78,81,137,120,51,192.29,285,65.00,-15.00,-1086.00
2024-05-17 16:24:48.845304,0,-1,5,0,0,0,78,81,136,120,51,192.30,285,44.00,-6.00,-1015.00
2024-05-17 16:24:48.956855,0,0,10,0,0,0,78,81,136,120,51,192.29,285,-7.00,33.00,-990.00
2024-05-17 16:24:49.049262,0,-1,16,0,0,0,78,81,134,120,51,192.29,285,-11.00,39.00,-981.00
2024-05-17 16:24:49.161653,0,-1,22,0,0,0,78,81,133,120,51,192.33,285,34.00,12.00,-1051.00
2024-05-17 16:24:49.253289,0,-1,28,0,0,0,78,81,133,120,51,192.31,285,70.00,11.00,-1074.00
2024-05-17 16:24:49.367112,1,0,35,0,0,0,78,81,135,120,51,192.32,286,29.00,30.00,-1051.00
2024-05-17 16:24:49.457575,2,0,41,0,0,0,78,81,136,120,50,192.29,286,31.00,5.00,-958.00
2024-05-17 16:24:49.559312,1,0,48,0,0,0,78,81,132,120,50,192.27,286,109.00,-21.00,-1129.00
2024-05-17 16:24:49.676424,0,-1,54,0,0,0,78,81,129,120,50,192.30,286,-35.00,28.00,-957.00
2024-05-17 16:24:49.763785,0,-1,61,0,0,0,78,81,129,110,50,192.30,286,150.00,-64.00,-1124.00
2024-05-17 16:24:49.879592,0,0,67,0,0,0,78,81,128,110,50,192.25,286,-17.00,13.00,-941.00
2024-05-17 16:24:49.967264,0,0,73,0,0,0,78,82,128,110,50,192.23,286,4.00,18.00,-993.00
2024-05-17 16:24:50.084125,0,0,80,0,0,0,78,82,129,110,50,192.18,286,0.00,14.00,-975.00
2024-05-17 16:24:50.171231,0,0,86,0,0,0,78,82,127,110,50,192.22,286,36.00,-8.00,-978.00
2024-05-17 16:24:50.288291,0,0,92,0,0,0,78,82,127,110,50,192.19,286,51.00,-39.00,-1051.00
2024-05-17 16:24:50.375229,0,0,98,0,0,0,78,82,127,110,50,192.23,287,35.00,-8.00,-1020.00
2024-05-17 16:24:50.492945,1,0,104,0,0,0,78,82,130,110,50,192.27,287,-42.00,33.00,-985.00
2024-05-17 16:24:50.579109,1,0,110,0,0,0,78,82,132,110,50,192.24,287,9.00,13.00,-1043.00
2024-05-17 16:24:50.697655,0,0,116,0,0,0,78,82,128,110,50,192.19,287,-64.00,16.00,-948.00
2024-05-17 16:24:50.783528,0,0,122,0,0,0,78,82,130,110,50,192.22,287,10.00,1.00,-881.00
2024-05-17 16:24:50.902700,0,0,128,0,0,0,78,82,132,110,50,192.22,287,20.00,-3.00,-1039.00
2024-05-17 16:24:50.987217,0,0,134,0,0,0,80,82,131,110,50,192.21,287,-22.00,1.00,-1032.00
2024-05-17 16:24:51.107257,0,0,140,0,0,0,80,82,132,110,50,192.26,287,-52.00,32.00,-1063.00
2024-05-17 16:24:51.143132,0,0,146,0,0,0,80,82,133,110,50,192.31,287,11.00,-21.00,-958.00
2024-05-17 16:24:51.242197,0,1,152,0,0,0,80,82,134,110,50,192.24,287,-4.00,5.00,-1046.00
2024-05-17 16:24:51.345280,0,1,159,0,0,0,80,82,135,110,50,192.25,288,-15.00,2.00,-1004.00
2024-05-17 16:24:51.517724,0,1,165,0,0,0,80,82,136,120,50,192.27,288,-7.00,-5.00,-934.00
2024-05-17 16:24:51.548168,0,1,171,0,0,0,80,82,137,120,50,192.24,288,-57.00,16.00,-1013.00
2024-05-17 16:24:51.721842,0,1,177,0,0,0,80,82,139,120,50,192.27,288,-47.00,28.00,-1016.00
2024-05-17 16:24:51.752269,0,1,-175,0,0,0,80,82,140,120,50,192.25,288,-10.00,-1.00,-981.00
2024-05-17 16:24:51.926482,0,1,-169,0,0,0,80,82,140,120,50,192.28,288,-8.00,-25.00,-896.00
2024-05-17 16:24:51.956331,0,1,-163,0,0,0,79,81,141,120,50,192.31,288,-7.00,-2.00,-927.00
2024-05-17 16:24:52.132153,0,0,-156,0,0,0,79,81,142,120,50,192.32,288,51.00,-32.00,-1037.00
2024-05-17 16:24:52.160514,0,0,-150,0,0,0,79,81,142,120,50,192.28,288,-74.00,19.00,-894.00
2024-05-17 16:24:52.345194,0,0,-144,0,0,0,79,81,142,120,50,192.23,288,35.00,-17.00,-1059.00
2024-05-17 16:24:52.366629,0,0,-138,0,0,0,79,81,142,120,50,192.28,289,-24.00,25.00,-1012.00
2024-05-17 16:24:52.467022,0,0,-132,0,0,0,79,81,142,120,50,192.30,289,0.00,0.00,-1002.00
2024-05-17 16:24:52.568228,0,0,-126,0,0,0,79,81,140,120,50,192.27,289,-46.00,46.00,-1022.00
2024-05-17 16:24:52.745672,0,0,-120,0,0,0,79,81,141,120,50,192.40,289,8.00,15.00,-1098.00
2024-05-17 16:24:52.772297,0,0,-114,0,0,0,79,81,140,120,50,192.28,289,-46.00,35.00,-1011.00
2024-05-17 16:24:52.951275,0,0,-108,0,0,0,79,81,140,120,50,192.29,289,26.00,4.00,-1015.00
2024-05-17 16:24:52.976998,0,0,-102,0,0,0,79,81,138,120,50,192.34,289,-56.00,48.00,-967.00
2024-05-17 16:24:53.155627,0,0,-96,0,0,0,79,81,140,120,50,192.30,289,43.00,12.00,-1016.00
2024-05-17 16:24:53.180033,0,0,-90,0,0,0,79,81,139,120,50,192.27,289,28.00,-15.00,-1024.00
2024-05-17 16:24:53.363334,0,0,-84,0,0,0,79,81,137,120,50,192.25,289,-119.00,54.00,-929.00
2024-05-17 16:24:53.384288,0,0,-78,0,0,0,79,81,139,120,50,192.27,290,-37.00,41.00,-1002.00
2024-05-17 16:24:53.565777,-1,0,-72,0,0,0,79,81,140,120,50,192.29,290,69.00,2.00,-1143.00
2024-05-17 16:24:53.588087,0,-1,-66,0,0,0,79,81,141,120,50,192.18,290,49.00,0.00,-1032.00
2024-05-17 16:24:53.770366,0,-1,-61,0,0,0,79,81,138,120,50,192.23,290,-2.00,35.00,-1018.00
2024-05-17 16:24:53.792123,0,0,-55,0,0,0,79,81,137,120,50,192.27,290,54.00,8.00,-1039.00
2024-05-17 16:24:53.979153,0,0,-49,0,0,0,79,81,138,120,50,192.35,290,-57.00,23.00,-943.00
2024-05-17 16:24:53.995997,0,0,-43,0,0,0,79,81,142,120,50,192.35,290,-84.00,28.00,-898.00
2024-05-17 16:24:54.181477,-1,0,-37,0,0,0,79,81,143,120,50,192.34,290,-57.00,32.00,-930.00
2024-05-17 16:24:54.201961,-1,0,-31,0,0,0,79,81,144,120,50,192.38,290,-9.00,37.00,-955.00
2024-05-17 16:24:54.302375,-2,-1,-25,0,0,0,79,81,143,120,50,192.34,290,-77.00,27.00,-945.00
2024-05-17 16:24:54.407107,-1,0,-19,0,0,0,79,81,143,120,50,192.35,291,29.00,-8.00,-970.00
2024-05-17 16:24:54.508318,0,0,-14,0,0,0,79,81,143,120,49,192.39,291,-9.00,29.00,-1016.00
2024-05-17 16:24:54.557015,0,0,-9,0,0,0,79,81,143,120,49,192.39,291,-37.00,47.00,-970.00
2024-05-17 16:24:54.692828,0,0,-5,0,0,0,79,81,142,120,49,192.33,291,70.00,-3.00,-1045.00
2024-05-17 16:24:54.761874,0,0,-2,0,0,0,79,81,144,120,49,192.29,291,-11.00,23.00,-934.00
2024-05-17 16:24:54.896100,1,0,0,0,0,0,79,81,146,120,49,192.31,291,51.00,16.00,-1019.00
2024-05-17 16:24:55.016437,1,1,0,0,0,0,80,81,147,120,49,192.35,291,-21.00,24.00,-922.00
2024-05-17 16:24:55.118138,1,0,2,0,0,0,80,81,145,120,49,192.28,291,31.00,15.00,-954.00
2024-05-17 16:24:55.220169,1,0,3,0,0,0,80,81,143,120,49,192.27,291,37.00,-2.00,-1043.00
2024-05-17 16:24:55.272406,1,0,3,0,0,0,80,81,143,120,49,192.38,292,24.00,15.00,-1051.00
2024-05-17 16:24:55.374750,1,0,3,0,0,0,80,81,143,120,49,192.32,292,-19.00,38.00,-1001.00
2024-05-17 16:24:55.476760,1,-1,3,0,0,0,80,81,142,120,49,192.32,292,-1.00,16.00,-905.00
2024-05-17 16:24:55.582871,1,-1,3,0,0,0,80,81,141,120,49,192.32,292,6.00,33.00,-1008.00
2024-05-17 16:24:55.679067,1,-1,3,0,0,0,80,81,140,120,49,192.26,292,67.00,-1.00,-1078.00
2024-05-17 16:24:55.817939,1,-1,3,0,0,0,80,81,139,120,49,192.35,292,78.00,-5.00,-1034.00
2024-05-17 16:24:55.883230,1,-1,3,0,0,0,80,81,138,120,49,192.29,292,88.00,-9.00,-1055.00
2024-05-17 16:24:56.022729,1,-1,3,0,0,0,80,81,138,120,49,192.35,292,15.00,16.00,-957.00
2024-05-17 16:24:56.087126,0,-1,3,0,0,0,80,81,135,120,49,192.26,292,70.00,3.00,-1008.00
2024-05-17 16:24:56.227749,0,-1,3,0,0,0,80,81,135,120,49,192.28,292,35.00,5.00,-1020.00
2024-05-17 16:24:56.291536,0,-1,3,0,0,0,80,81,134,120,49,192.25,293,21.00,11.00,-1020.00
2024-05-17 16:24:56.432034,0,-1,3,0,0,0,80,81,134,120,49,192.27,293,-47.00,52.00,-957.00
2024-05-17 16:24:56.495117,0,-1,3,0,0,0,80,81,133,120,49,192.27,293,62.00,1.00,-1080.00
2024-05-17 16:24:56.597049,0,-1,3,0,0,0,80,81,132,120,49,192.33,293,20.00,1.00,-985.00
2024-05-17 16:24:56.739733,0,-1,3,0,0,0,80,81,131,120,49,192.33,293,-5.00,21.00,-948.00
2024-05-17 16:24:56.801169,0,-1,3,0,0,0,80,81,131,110,49,192.19,293,26.00,14.00,-899.00
2024-05-17 16:24:56.944051,0,-1,3,0,0,0,80,81,131,110,49,192.22,293,-23.00,26.00,-1000.00
2024-05-17 16:24:57.005548,0,-1,3,0,0,0,79,81,130,110,49,192.24,293,-10.00,26.00,-1080.00
2024-05-17 16:24:57.149486,0,-1,3,0,0,0,79,81,130,110,49,192.18,293,10.00,24.00,-976.00
2024-05-17 16:24:57.209256,0,-1,3,0,0,0,79,81,130,110,49,192.19,293,30.00,4.00,-1025.00
2024-05-17 16:24:57.353719,0,-1,2,0,0,0,79,81,131,110,49,192.24,294,-93.00,88.00,-991.00
2024-05-17 16:24:57.412870,0,-1,-3,0,0,0,79,81,132,110,49,192.20,294,48.00,-4.00,-1046.00
2024-05-17 16:24:57.558302,0,-1,-9,0,0,0,79,81,132,110,49,192.22,294,-47.00,50.00,-1019.00
2024-05-17 16:24:57.617034,0,-1,-15,0,0,0,79,81,133,120,49,192.27,294,-56.00,21.00,-966.00
2024-05-17 16:24:57.763341,0,-1,-21,0,0,0,79,81,132,120,49,192.26,294,-55.00,37.00,-982.00
2024-05-17 16:24:57.821600,0,-1,-27,0,0,0,79,81,133,120,49,192.25,294,20.00,6.00,-981.00
2024-05-17 16:24:57.968855,0,-1,-33,0,0,0,79,81,134,120,49,192.28,294,10.00,-5.00,-982.00
2024-05-17 16:24:58.024880,0,-1,-39,0,0,0,79,81,133,120,49,192.25,294,32.00,-17.00,-1021.00
2024-05-17 16:24:58.173014,0,0,-45,0,0,0,79,81,131,120,49,192.23,294,-31.00,31.00,-949.00
2024-05-17 16:24:58.228837,0,-1,-51,0,0,0,79,81,130,120,49,192.29,294,-10.00,1.00,-934.00
2024-05-17 16:24:58.377864,0,-1,-57,0,0,0,79,81,129,110,49,192.23,295,-29.00,30.00,-1058.00
2024-05-17 16:24:58.383500,0,-1,-63,0,0,0,79,81,132,110,49,192.19,295,-54.00,35.00,-1029.00
2024-05-17 16:24:58.483968,0,0,-69,0,0,0,79,81,133,110,48,192.31,295,18.00,-7.00,-1062.00
2024-05-17 16:24:58.586449,0,0,-75,0,0,0,79,81,132,110,48,192.23,295,7.00,16.00,-997.00
2024-05-17 16:24:58.688348,0,0,-81,0,0,0,79,81,131,120,48,192.27,295,36.00,-6.00,-1070.00
2024-05-17 16:24:58.789823,-1,0,-86,0,0,0,79,81,131,120,48,192.20,295,31.00,-8.00,-1007.00
2024-05-17 16:24:58.891925,-1,0,-92,0,0,0,79,81,132,120,48,192.20,295,64.00,-17.00,-1038.00
2024-05-17 16:24:58.994102,-1,0,-98,0,0,0,79,81,131,120,48,192.24,295,13.00,-3.00,-1009.00
2024-05-17 16:24:59.096209,-1,0,-104,0,0,0,79,81,130,120,48,192.23,295,-14.00,11.00,-999.00
2024-05-17 16:24:59.300524,0,0,-110,0,0,0,79,81,129,120,48,192.15,295,67.00,-55.00,-1050.00
2024-05-17 16:24:59.300585,0,0,-115,0,0,0,79,81,127,120,48,192.11,296,-32.00,15.00,-985.00
2024-05-17 16:24:59.402006,0,0,-121,0,0,0,79,81,128,110,48,192.24,296,-12.00,11.00,-1022.00
2024-05-17 16:24:59.504464,0,0,-127,0,0,0,79,81,127,110,48,192.23,296,80.00,-48.00,-1020.00
2024-05-17 16:24:59.606647,0,0,-132,0,0,0,79,81,128,110,48,192.16,296,28.00,-4.00,-1029.00
2024-05-17 16:24:59.709034,0,0,-138,0,0,0,79,81,127,110,48,192.25,296,9.00,-21.00,-947.00
2024-05-17 16:24:59.812534,0,0,-144,0,0,0,79,81,129,110,48,192.20,296,-15.00,-15.00,-1014.00
2024-05-17 16:24:59.911769,0,1,-150,0,0,0,79,81,130,110,48,192.17,296,-32.00,1.00,-927.00
2024-05-17 16:25:00.016938,0,0,-156,0,0,0,79,81,130,110,48,192.20,296,63.00,-41.00,-979.00
2024-05-17 16:25:00.115745,0,0,-162,0,0,0,79,81,129,110,48,192.17,296,9.00,-32.00,-970.00
2024-05-17 16:25:00.221632,0,0,-168,0,0,0,79,81,130,110,48,192.20,296,20.00,0.00,-1063.00
2024-05-17 16:25:00.319783,0,0,-174,0,0,0,79,81,129,110,48,192.21,297,-34.00,21.00,-962.00
2024-05-17 16:25:00.425641,0,0,178,0,0,0,79,81,130,110,48,192.19,297,-37.00,8.00,-933.00
2024-05-17 16:25:00.523744,0,0,172,0,0,0,79,81,129,110,48,192.21,297,86.00,-22.00,-1075.00
2024-05-17 16:25:00.633271,1,0,166,0,0,0,79,81,130,110,48,192.17,297,13.00,-8.00,-914.00
2024-05-17 16:25:00.727759,0,0,160,0,0,0,79,81,127,110,48,192.15,297,-85.00,57.00,-978.00
2024-05-17 16:25:00.835711,0,0,154,0,0,0,79,81,127,110,48,192.20,297,8.00,5.00,-1032.00
2024-05-17 16:25:00.932944,0,0,148,0,0,0,79,81,128,110,48,192.20,297,-12.00,20.00,-1033.00
2024-05-17 16:25:01.039897,0,0,142,0,0,0,79,81,128,110,48,192.06,297,-55.00,47.00,-1003.00
2024-05-17 16:25:01.136810,1,0,136,0,0,0,79,81,129,110,48,192.13,297,-17.00,30.00,-1046.00
2024-05-17 16:25:01.244755,1,0,130,0,0,0,79,81,132,110,48,192.21,297,53.00,-1.00,-1081.00
2024-05-17 16:25:01.340696,1,0,124,0,0,0,79,81,131,110,48,192.22,298,-21.00,46.00,-1025.00
2024-05-17 16:25:01.449547,1,0,118,0,0,0,79,81,130,110,48,192.22,298,65.00,-14.00,-972.00
2024-05-17 16:25:01.545686,1,0,112,0,0,0,79,81,130,110,47,192.20,298,-84.00,66.00,-939.00
2024-05-17 16:25:01.646656,0,0,106,0,0,0,79,81,129,110,47,192.15,298,115.00,-48.00,-1078.00
2024-05-17 16:25:01.748866,0,0,101,0,0,0,79,81,128,110,47,192.22,298,-9.00,31.00,-1018.00
2024-05-17 16:25:01.850723,0,0,95,0,0,0,79,81,129,110,47,192.27,298,-44.00,27.00,-903.00
2024-05-17 16:25:01.901696,0,0,89,0,0,0,79,81,129,110,47,192.27,298,38.00,-3.00,-1037.00
2024-05-17 16:25:02.063890,1,0,84,0,0,0,79,81,130,110,47,192.22,298,73.00,0.00,-1017.00
2024-05-17 16:25:02.158051,1,0,78,0,0,0,79,81,131,110,47,192.32,298,-24.00,24.00,-926.00
2024-05-17 16:25:02.268907,1,0,72,0,0,0,79,81,131,110,47,192.32,298,29.00,21.00,-1020.00
2024-05-17 16:25:02.360672,1,0,67,0,0,0,79,81,133,110,47,192.23,299,53.00,-1.00,-961.00
2024-05-17 16:25:02.411682,2,0,61,0,0,0,79,81,135,120,47,192.30,299,-29.00,34.00,-992.00
2024-05-17 16:25:02.576164,1,0,56,0,0,0,79,81,132,120,47,192.34,299,-11.00,39.00,-1069.00
2024-05-17 16:25:02.615625,1,0,50,0,0,0,79,81,132,120,47,192.19,299,26.00,12.00,-1051.00
2024-05-17 16:25:02.781623,1,0,45,0,0,0,79,81,135,120,47,192.23,299,15.00,16.00,-1052.00
2024-05-17 16:25:02.819808,2,0,39,0,0,0,79,81,138,120,47,192.30,299,38.00,1.00,-988.00
2024-05-17 16:25:02.986443,1,0,33,0,0,0,79,81,137,120,47,192.16,299,70.00,8.00,-1011.00
2024-05-17 16:25:03.023975,1,0,27,0,0,0,79,81,138,120,47,192.23,299,0.00,9.00,-964.00
2024-05-17 16:25:03.191617,1,0,21,0,0,0,79,81,138,120,47,192.28,299,115.00,-29.00,-1095.00
2024-05-17 16:25:03.227627,1,0,16,0,0,0,79,81,140,120,47,192.26,299,58.00,-3.00,-967.00
2024-05-17 16:25:03.395472,2,-1,13,0,0,0,79,81,140,120,47,192.27,300,55.00,14.00,-967.00
2024-05-17 16:25:03.431696,2,-1,10,0,0,0,79,81,142,120,47,192.31,300,79.00,6.00,-1011.00
2024-05-17 16:25:03.603079,2,-1,9,0,0,0,79,81,141,120,47,192.32,300,33.00,23.00,-966.00
2024-05-17 16:25:03.635644,2,-1,7,0,0,0,79,81,140,120,47,192.32,300,69.00,17.00,-993.00
2024-05-17 16:25:03.805644,2,-1,6,0,0,0,79,81,140,120,47,192.28,300,-31.00,41.00,-903.00
2024-05-17 16:25:03.839689,1,-1,6,0,0,0,79,81,139,120,47,192.31,300,42.00,38.00,-1045.00
2024-05-17 16:25:03.941631,1,0,5,0,0,0,79,81,139,120,47,192.27,300,0.00,37.00,-893.00
2024-05-17 16:25:04.112589,1,0,5,0,0,0,79,82,138,120,47,192.32,300,27.00,14.00,-1019.00
2024-05-17 16:25:04.145631,0,0,5,0,0,0,79,82,136,120,47,192.23,300,-32.00,41.00,-883.00
2024-05-17 16:25:04.317684,1,0,5,0,0,0,79,82,136,120,47,192.29,300,-5.00,32.00,-908.00
2024-05-17 16:25:04.349785,1,0,5,0,0,0,79,82,136,120,47,192.32,301,10.00,-5.00,-978.00
2024-05-17 16:25:04.521694,1,0,5,0,0,0,79,82,136,120,47,192.28,301,-8.00,15.00,-993.00
2024-05-17 16:25:04.553885,1,0,5,0,0,0,79,82,135,120,47,192.27,301,-14.00,20.00,-915.00
2024-05-17 16:25:04.727467,1,0,5,0,0,0,79,82,134,120,47,192.29,301,-6.00,25.00,-914.00
2024-05-17 16:25:04.757826,1,0,5,0,0,0,79,82,134,120,47,192.29,301,22.00,4.00,-985.00
2024-05-17 16:25:04.931252,1,0,5,0,0,0,79,82,134,120,47,192.32,301,14.00,-2.00,-982.00
2024-05-17 16:25:04.961688,1,0,5,0,0,0,79,82,133,120,47,192.39,301,74.00,-32.00,-1024.00
2024-05-17 16:25:05.136338,1,0,5,0,0,0,79,82,133,120,47,192.20,301,92.00,-14.00,-1056.00
2024-05-17 16:25:05.165642,0,0,5,0,0,0,79,82,133,120,47,192.25,301,-65.00,27.00,-946.00
2024-05-17 16:25:05.341856,1,0,5,0,0,0,79,82,134,120,47,192.29,301,36.00,-1.00,-1094.00
2024-05-17 16:25:05.369838,1,0,5,0,0,0,79,82,137,120,47,192.29,302,49.00,-5.00,-1016.00
2024-05-17 16:25:05.545720,2,0,5,0,0,0,79,82,138,120,47,192.29,302,119.00,-44.00,-1031.00
2024-05-17 16:25:05.573925,1,0,5,0,0,0,79,82,135,120,47,192.31,302,87.00,-26.00,-998.00
2024-05-17 16:25:05.753438,1,0,5,0,0,0,79,82,137,120,47,192.25,302,31.00,-14.00,-941.00
2024-05-17 16:25:05.777642,1,0,5,0,0,0,79,82,135,120,47,192.31,302,67.00,-24.00,-991.00
2024-05-17 16:25:05.892831,0,0,5,0,0,0,79,82,134,120,47,192.26,302,21.00,6.00,-1054.00
2024-05-17 16:25:05.982142,0,0,5,0,0,0,79,82,134,120,47,192.20,302,25.00,7.00,-980.00
2024-05-17 16:25:06.160039,0,0,5,0,0,0,79,82,134,120,47,192.27,302,80.00,-2.00,-1079.00
2024-05-17 16:25:06.185819,1,0,5,0,0,0,79,82,135,120,47,192.28,302,30.00,12.00,-899.00
2024-05-17 16:25:06.236571,1,0,5,0,0,0,79,82,134,120,47,192.24,302,80.00,-31.00,-1039.00
2024-05-17 16:25:06.364905,1,0,5,0,0,0,79,82,133,120,47,192.27,303,81.00,-24.00,-1126.00
2024-05-17 16:25:06.442138,1,0,5,0,0,0,79,82,134,120,46,192.29,303,-53.00,26.00,-887.00
2024-05-17 16:25:06.570004,0,0,5,0,0,0,79,82,133,120,46,192.28,303,41.00,-14.00,-1041.00
2024-05-17 16:25:06.644666,0,0,5,0,0,0,79,82,132,120,46,192.29,303,34.00,-14.00,-985.00
2024-05-17 16:25:06.774980,0,0,5,0,0,0,79,82,132,120,46,192.16,303,-57.00,25.00,-947.00
2024-05-17 16:25:06.852132,0,0,5,0,0,0,79,82,132,120,46,192.25,303,51.00,-10.00,-1003.00
2024-05-17 16:25:06.950759,0,0,5,0,0,0,79,82,134,120,46,192.22,303,4.00,10.00,-950.00
2024-05-17 16:25:07.082621,0,0,5,0,0,0,79,81,129,120,46,192.27,303,-32.00,47.00,-1017.00
2024-05-17 16:25:07.154640,0,-1,5,0,0,0,79,81,130,120,46,192.25,303,52.00,-28.00,-1022.00
2024-05-17 16:25:07.287752,0,-1,5,0,0,0,79,81,129,110,46,192.28,303,9.00,9.00,-999.00
2024-05-17 16:25:07.359083,0,-1,5,0,0,0,79,81,129,110,46,192.17,304,-16.00,31.00,-1032.00
2024-05-17 16:25:07.491790,1,-1,5,0,0,0,79,81,130,110,46,192.23,304,11.00,6.00,-1013.00
2024-05-17 16:25:07.565358,1,-1,5,0,0,0,79,81,129,110,46,192.25,304,94.00,-22.00,-1167.00
2024-05-17 16:25:07.665150,1,0,5,0,0,0,79,81,135,110,46,192.25,304,73.00,-10.00,-1018.00
2024-05-17 16:25:07.799501,3,0,5,0,0,0,79,81,136,110,46,192.23,304,27.00,17.00,-983.00
2024-05-17 16:25:07.868675,2,0,5,0,0,0,79,81,133,110,46,192.27,304,6.00,34.00,-1045.00
2024-05-17 16:25:08.003628,1,0,5,0,0,0,79,81,129,120,46,192.26,304,3.00,45.00,-1048.00
2024-05-17 16:25:08.072568,0,-1,5,0,0,0,79,80,129,120,46,192.17,304,59.00,-4.00,-986.00
2024-05-17 16:25:08.209154,1,-1,5,0,0,0,79,80,127,110,46,192.22,304,-20.00,45.00,-1014.00
2024-05-17 16:25:08.278747,0,-1,5,0,0,0,79,80,129,110,46,192.18,304,17.00,25.00,-1073.00
2024-05-17 16:25:08.379124,0,-2,5,0,0,0,79,80,128,110,46,192.16,305,56.00,7.00,-1031.00
2024-05-17 16:25:08.482751,1,-1,5,0,0,0,79,80,126,110,46,192.19,305,32.00,33.00,-972.00
2024-05-17 16:25:08.583574,1,-1,5,0,0,0,79,80,125,110,46,192.21,305,41.00,19.00,-1020.00
2024-05-17 16:25:08.721764,0,-1,5,0,0,0,79,80,124,110,46,192.16,305,-75.00,56.00,-971.00
2024-05-17 16:25:08.786714,0,-1,5,0,0,0,79,80,126,110,46,192.17,305,-69.00,47.00,-969.00
2024-05-17 16:25:08.925902,0,-1,5,0,0,0,79,80,125,110,46,192.12,305,23.00,19.00,-1021.00
2024-05-17 16:25:08.990628,0,-1,5,0,0,0,79,80,127,110,46,192.17,305,29.00,14.00,-1106.00
2024-05-17 16:25:09.129641,0,0,5,0,0,0,79,82,122,110,46,192.10,305,4.00,19.00,-909.00
2024-05-17 16:25:09.194691,1,0,5,0,0,0,79,82,123,110,46,192.18,305,-1.00,-5.00,-992.00
2024-05-17 16:25:09.334516,1,0,5,0,0,0,79,82,126,110,46,192.15,305,10.00,-10.00,-1061.00
2024-05-17 16:25:09.398749,1,0,5,0,0,0,79,82,127,110,46,192.15,306,-9.00,16.00,-1032.00
2024-05-17 16:25:09.500631,1,0,5,0,0,0,79,82,127,110,46,192.12,306,35.00,22.00,-1081.00
2024-05-17 16:25:09.551760,1,0,5,0,0,0,79,82,128,110,46,192.12,306,29.00,18.00,-1001.00
2024-05-17 16:25:09.746114,1,0,5,0,0,0,79,82,130,110,46,192.15,306,-26.00,24.00,-951.00
2024-05-17 16:25:09.755491,1,0,5,0,0,0,79,82,131,110,46,192.22,306,3.00,11.00,-983.00
2024-05-17 16:25:09.948947,1,0,5,0,0,0,79,82,130,110,46,192.22,306,47.00,15.00,-1040.00
2024-05-17 16:25:09.959833,1,0,5,0,0,0,79,82,132,110,46,192.16,306,23.00,-5.00,-1049.00
2024-05-17 16:25:10.063933,1,-1,5,0,0,-1,79,81,133,110,46,192.18,306,-10.00,41.00,-1033.00
2024-05-17 16:25:10.163803,1,-1,5,0,0,0,79,81,135,120,46,192.24,306,6.00,8.00,-976.00
2024-05-17 16:25:10.358506,1,0,5,0,0,0,79,81,134,120,46,192.23,306,29.00,-43.00,-923.00
2024-05-17 16:25:10.370171,1,0,5,0,0,0,79,81,134,120,46,192.26,307,1.00,7.00,-983.00
2024-05-17 16:25:10.470777,1,0,5,0,0,0,79,81,135,120,45,192.19,307,21.00,32.00,-906.00
2024-05-17 16:25:10.670537,1,0,5,0,0,0,79,81,134,120,45,192.26,307,-1.00,10.00,-1004.00
2024-05-17 16:25:10.673862,1,0,5,0,0,0,79,81,133,120,45,192.30,307,62.00,2.00,-952.00
2024-05-17 16:25:10.777408,1,0,5,0,0,0,79,81,134,120,45,192.22,307,3.00,10.00,-1007.00
2024-05-17 16:25:10.878419,1,0,5,0,0,0,79,81,134,120,45,192.20,307,65.00,-2.00,-967.00
2024-05-17 16:25:10.981707,1,0,5,0,0,0,79,81,134,120,45,192.21,307,-1.00,20.00,-1000.00
2024-05-17 16:25:11.082860,1,0,5,0,0,0,79,82,135,120,45,192.15,307,-50.00,25.00,-1032.00
2024-05-17 16:25:11.185070,0,0,5,-1,0,0,79,82,133,120,45,192.22,307,-10.00,19.00,-1086.00
2024-05-17 16:25:11.285727,0,0,5,0,0,0,79,82,137,120,45,192.26,308,48.00,-18.00,-1025.00
2024-05-17 16:25:11.387955,0,0,5,0,0,0,79,82,139,120,45,192.22,308,4.00,3.00,-973.00
2024-05-17 16:25:11.590726,0,0,5,0,0,0,79,82,136,120,45,192.24,308,29.00,17.00,-932.00
2024-05-17 16:25:11.591223,0,0,5,0,0,0,79,82,135,120,45,192.22,308,17.00,-40.00,-961.00
2024-05-17 16:25:11.791898,0,0,5,0,0,0,79,82,135,120,45,192.24,308,-22.00,27.00,-944.00
2024-05-17 16:25:11.795451,0,0,5,0,0,0,79,82,136,120,45,192.28,308,61.00,7.00,-1055.00
2024-05-17 16:25:11.897524,1,0,5,0,0,0,79,82,137,120,45,192.26,308,6.00,3.00,-1061.00
2024-05-17 16:25:11.999942,2,0,5,0,0,0,79,82,142,120,45,192.28,308,42.00,1.00,-923.00
2024-05-17 16:25:12.101433,2,0,5,0,0,0,80,82,143,120,45,192.31,308,24.00,17.00,-985.00
2024-05-17 16:25:12.204649,1,0,5,0,0,0,80,82,143,120,45,192.21,308,9.00,32.00,-977.00
2024-05-17 16:25:12.305806,1,0,5,0,0,0,80,82,142,120,45,192.21,309,89.00,15.00,-988.00
2024-05-17 16:25:12.407869,1,0,5,0,0,0,80,82,141,120,45,192.29,309,0.00,-8.00,-913.00
2024-05-17 16:25:12.611629,0,0,5,0,0,0,80,82,140,120,45,192.20,309,67.00,-4.00,-1090.00
2024-05-17 16:25:12.611986,1,0,5,0,0,0,80,82,138,120,45,192.16,309,-5.00,-15.00,-894.00
2024-05-17 16:25:12.713627,1,0,5,0,0,0,80,82,139,120,45,192.19,309,25.00,-31.00,-972.00
2024-05-17 16:25:12.817058,0,0,5,0,0,0,80,82,137,120,45,192.25,309,4.00,22.00,-1013.00
2024-05-17 16:25:12.918119,1,0,5,0,0,0,80,82,137,120,45,192.19,309,86.00,-33.00,-1008.00
2024-05-17 16:25:13.020850,2,0,5,0,0,0,80,82,141,120,45,192.28,309,90.00,-26.00,-1027.00
2024-05-17 16:25:13.123817,2,0,5,0,0,0,79,82,143,120,45,192.19,309,-10.00,3.00,-944.00
2024-05-17 16:25:13.223382,1,0,5,0,0,0,79,82,143,120,45,192.21,309,-42.00,27.00,-931.00
2024-05-17 16:25:13.328037,0,0,5,0,0,0,79,82,138,120,45,192.28,310,10.00,40.00,-1067.00
2024-05-17 16:25:13.427395,0,-1,5,0,0,0,79,82,141,120,45,192.35,310,47.00,-4.00,-1052.00
2024-05-17 16:25:13.478261,0,-1,5,0,0,0,79,82,143,120,45,192.32,310,28.00,44.00,-1001.00
2024-05-17 16:25:13.637043,0,-1,5,0,0,0,79,82,145,120,45,192.32,310,27.00,0.00,-1038.00
2024-05-17 16:25:13.685776,1,0,5,0,0,0,79,82,142,120,45,192.37,310,27.00,-7.00,-969.00
2024-05-17 16:25:13.784370,1,0,5,0,0,0,79,82,147,120,45,192.31,310,29.00,1.00,-1068.00
2024-05-17 16:25:13.942620,1,0,5,0,0,0,79,82,148,120,45,192.29,310,43.00,31.00,-1027.00
2024-05-17 16:25:13.988337,1,0,5,0,0,0,79,82,151,120,45,192.39,310,6.00,2.00,-950.00
2024-05-17 16:25:14.147201,1,0,5,0,0,0,79,81,150,130,45,192.32,310,-24.00,16.00,-944.00
2024-05-17 16:25:14.192345,0,0,5,0,0,0,79,81,149,130,45,192.33,310,-21.00,10.00,-981.00
2024-05-17 16:25:14.351969,0,0,5,0,0,0,79,81,149,130,45,192.36,311,-15.00,31.00,-880.00
2024-05-17 16:25:14.405434,0,0,5,0,0,0,79,81,150,130,45,192.38,311,-5.00,2.00,-889.00
2024-05-17 16:25:14.498757,0,-1,5,0,0,0,79,81,152,130,45,192.36,311,15.00,0.00,-947.00
2024-05-17 16:25:14.601560,0,-1,5,0,0,0,79,81,150,130,45,192.34,311,-8.00,13.00,-976.00
2024-05-17 16:25:14.761702,0,-1,5,0,0,0,79,81,149,130,45,192.32,311,66.00,-14.00,-1105.00
2024-05-17 16:25:14.805701,0,-1,5,0,0,0,79,81,145,130,45,192.25,311,25.00,7.00,-967.00
2024-05-17 16:25:14.952825,0,-1,5,0,0,0,79,81,145,120,45,192.34,311,38.00,12.00,-1104.00
2024-05-17 16:25:15.008561,0,-1,5,0,0,0,79,81,142,120,45,192.29,311,46.00,-37.00,-945.00
2024-05-17 16:25:15.175812,1,0,5,0,0,0,79,81,141,120,45,192.25,311,76.00,6.00,-1050.00
2024-05-17 16:25:15.212379,0,0,5,0,0,0,79,81,140,120,45,192.20,311,-55.00,52.00,-1040.00
2024-05-17 16:25:15.376307,0,0,5,0,0,0,79,81,142,120,45,192.25,312,49.00,-6.00,-1029.00
2024-05-17 16:25:15.420340,0,0,5,0,0,0,79,81,137,120,45,192.26,312,-48.00,10.00,-981.00
2024-05-17 16:25:15.518439,0,-1,5,0,0,0,79,81,139,120,45,192.25,312,-37.00,16.00,-997.00
2024-05-17 16:25:15.620228,0,0,5,0,0,0,79,81,136,120,45,192.24,312,32.00,13.00,-1082.00
2024-05-17 16:25:15.786570,0,0,5,0,0,0,79,81,133,120,45,192.23,312,-12.00,-10.00,-966.00
2024-05-17 16:25:15.824282,0,0,5,0,0,0,79,81,129,120,45,192.15,312,37.00,3.00,-969.00
2024-05-17 16:25:15.990916,0,0,5,0,0,0,79,81,126,120,45,192.15,312,20.00,-11.00,-1035.00
2024-05-17 16:25:16.028372,1,0,5,0,0,0,79,81,124,110,45,192.22,312,34.00,4.00,-925.00
2024-05-17 16:25:16.195603,1,0,5,0,0,1,79,81,122,110,45,192.16,312,-4.00,-27.00,-1029.00
2024-05-17 16:25:16.232249,0,0,5,0,0,1,79,81,123,110,45,192.11,312,66.00,-4.00,-1206.00
2024-05-17 16:25:16.404090,0,-1,5,0,0,0,79,81,119,110,45,192.09,313,-21.00,1.00,-990.00
2024-05-17 16:25:16.437722,0,-1,5,0,0,0,79,81,120,110,45,192.04,313,47.00,-19.00,-1096.00
2024-05-17 16:25:16.605552,0,0,5,0,0,0,79,81,119,110,45,192.07,313,-9.00,39.00,-1053.00
2024-05-17 16:25:16.641338,0,0,5,0,0,0,79,81,120,110,45,192.05,313,-33.00,17.00,-1080.00
2024-05-17 16:25:16.809730,0,0,5,0,0,0,79,81,121,110,45,192.06,313,55.00,7.00,-1091.00
2024-05-17 16:25:16.844290,0,0,5,0,0,-1,79,81,122,110,45,192.09,313,55.00,-52.00,-987.00
2024-05-17 16:25:17.019760,1,0,5,0,0,0,79,81,121,110,45,192.07,313,23.00,7.00,-966.00
2024-05-17 16:25:17.048021,1,0,5,0,0,-1,79,81,123,110,45,192.10,313,58.00,-5.00,-1039.00
2024-05-17 16:25:17.227230,2,0,5,0,0,-1,80,81,127,110,45,192.14,313,35.00,-1.00,-996.00
2024-05-17 16:25:17.254602,2,0,5,0,0,0,80,81,128,110,45,192.15,313,-23.00,-5.00,-976.00
2024-05-17 16:25:17.354208,1,0,5,0,0,0,80,81,123,110,45,192.16,314,-16.00,20.00,-919.00
2024-05-17 16:25:17.529710,1,0,5,0,0,0,80,81,125,110,45,192.17,314,-6.00,24.00,-940.00
2024-05-17 16:25:17.558477,1,0,5,0,0,0,80,81,130,110,45,192.22,314,50.00,0.00,-1071.00
2024-05-17 16:25:17.609674,1,0,5,0,0,-1,80,81,129,110,45,192.17,314,-14.00,10.00,-1066.00
2024-05-17 16:25:17.712048,1,0,5,0,0,0,80,81,130,110,45,192.21,314,8.00,8.00,-1006.00
2024-05-17 16:25:17.813843,0,0,5,0,0,0,80,81,134,110,45,192.18,314,-71.00,53.00,-950.00
2024-05-17 16:25:17.935979,0,-1,5,0,0,0,80,81,137,120,45,192.19,314,-17.00,11.00,-930.00
2024-05-17 16:25:18.017739,0,-1,5,0,0,0,80,81,139,120,45,192.24,314,-80.00,56.00,-949.00
2024-05-17 16:25:18.140732,0,-1,5,0,0,0,79,81,141,120,45,192.25,314,83.00,-26.00,-1052.00
2024-05-17 16:25:18.221073,0,-1,5,0,0,0,79,81,141,120,45,192.28,314,70.00,-6.00,-1030.00
2024-05-17 16:25:18.351202,1,-1,5,0,0,0,79,81,140,120,45,192.31,315,-15.00,24.00,-995.00
2024-05-17 16:25:18.425063,2,0,5,0,0,0,79,81,144,120,44,192.32,315,-8.00,-6.00,-874.00
2024-05-17 16:25:18.556284,0,0,5,0,0,0,79,81,141,120,44,192.34,315,41.00,3.00,-995.00
2024-05-17 16:25:18.629148,1,0,5,0,0,0,79,81,142,120,44,192.28,315,-20.00,37.00,-977.00
2024-05-17 16:25:18.755147,0,-1,5,0,0,0,79,81,142,120,44,192.32,315,22.00,17.00,-898.00
2024-05-17 16:25:18.835656,0,-1,5,0,0,0,79,81,145,120,44,192.28,315,1.00,-6.00,-889.00
2024-05-17 16:25:18.935909,0,-1,5,0,0,1,79,81,141,120,44,192.23,315,-15.00,6.00,-893.00
2024-05-17 16:25:19.064532,0,0,5,0,0,2,79,81,139,120,44,192.23,315,30.00,-1.00,-864.00
2024-05-17 16:25:19.139858,0,0,5,0,0,3,79,81,135,120,44,192.18,315,23.00,-15.00,-867.00
2024-05-17 16:25:19.269494,0,0,5,0,0,4,79,81,129,110,44,192.18,315,44.00,-7.00,-937.00
2024-05-17 16:25:19.343896,0,-1,5,0,0,6,79,81,123,110,44,192.10,316,17.00,20.00,-944.00
2024-05-17 16:25:19.478071,0,-1,5,0,0,7,79,81,116,100,44,192.10,316,12.00,-23.00,-908.00
2024-05-17 16:25:19.548106,0,-1,5,0,0,7,79,81,108,90,44,191.91,316,17.00,-6.00,-909.00
2024-05-17 16:25:19.649945,1,0,5,0,0,8,79,81,100,90,44,191.90,316,-61.00,47.00,-906.00
2024-05-17 16:25:19.784129,0,0,5,0,0,8,79,81,91,80,44,191.92,316,-21.00,5.00,-1034.00
2024-05-17 16:25:19.853954,-1,0,5,0,0,8,79,81,85,70,44,191.73,316,17.00,-22.00,-1061.00
2024-05-17 16:25:19.985582,-1,0,5,0,0,7,79,81,78,60,44,191.73,316,-46.00,8.00,-1009.00
2024-05-17 16:25:20.057988,0,0,5,0,0,6,79,81,71,50,44,191.60,316,-8.00,8.00,-970.00
2024-05-17 16:25:20.189190,0,0,5,0,0,6,79,82,65,50,44,191.45,316,70.00,-32.00,-1197.00
2024-05-17 16:25:20.262089,0,-1,5,0,0,4,79,82,58,40,44,191.47,316,43.00,-5.00,-952.00
2024-05-17 16:25:20.394847,1,0,5,0,0,4,79,82,55,40,44,191.44,317,-43.00,19.00,-1030.00
2024-05-17 16:25:20.466078,1,0,5,0,0,4,79,82,49,30,44,191.38,317,-62.00,43.00,-924.00
2024-05-17 16:25:20.567877,0,-1,5,0,0,4,79,82,47,30,44,191.37,317,52.00,13.00,-1075.00
2024-05-17 16:25:20.669957,0,-1,5,0,0,4,79,82,43,20,44,191.29,317,46.00,-17.00,-1029.00
2024-05-17 16:25:20.771911,0,-1,5,0,0,4,79,82,38,20,44,191.26,317,54.00,-8.00,-1061.00
2024-05-17 16:25:20.906142,0,-1,5,0,0,4,79,82,33,20,44,191.18,317,2.00,47.00,-1052.00
2024-05-17 16:25:20.975926,0,-1,5,0,0,4,79,82,28,10,44,191.05,317,14.00,-7.00,-1019.00
2024-05-17 16:25:21.077891,0,0,5,0,0,4,79,82,23,10,44,190.98,317,13.00,0.00,-936.00
2024-05-17 16:25:21.212705,0,0,5,0,0,4,80,82,18,0,44,190.82,317,97.00,-50.00,-1038.00
2024-05-17 16:25:21.282396,0,0,5,0,0,4,80,82,13,0,44,189.69,317,-26.00,2.00,-945.00
2024-05-17 16:25:21.332954,0,0,5,0,0,4,80,82,10,0,44,188.69,318,-50.00,30.00,-1022.00
2024-05-17 16:25:21.520176,0,0,5,0,0,3,80,82,10,0,44,186.81,318,57.00,-21.00,-1188.00
2024-05-17 16:25:21.536835,0,-1,5,0,0,0,80,82,10,0,44,188.89,318,6.00,1.00,-691.00
2024-05-17 16:25:21.638953,0,0,4,0,-1,2,80,82,10,0,44,189.65,318,206.00,-40.00,-1057.00
2024-05-17 16:25:21.830241,0,0,4,1,-1,0,80,82,10,0,44,190.04,318,19.00,10.00,-1017.00
2024-05-17 16:25:21.842884,0,0,4,1,-1,0,80,82,10,0,44,190.28,318,0.00,-4.00,-999.00
2024-05-17 16:25:22.035017,0,0,4,1,-2,0,80,82,10,0,44,190.35,318,0.00,6.00,-1005.00
2024-05-17 16:25:22.046920,0,0,4,1,-2,0,80,82,10,0,44,190.42,318,3.00,1.00,-1003.00
2024-05-17 16:25:22.239769,0,0,4,1,-2,0,79,81,10,0,44,190.48,318,6.00,0.00,-1003.00
2024-05-17 16:25:22.250858,0,0,4,1,-2,1,79,81,10,0,44,190.50,318,12.00,-7.00,-999.00
2024-05-17 16:25:22.444396,0,0,4,1,-2,1,79,81,10,0,44,190.54,318,-7.00,-11.00,-1000.00
2024-05-17 16:25:22.454853,0,0,4,1,-2,1,79,81,10,0,44,190.62,318,13.00,-6.00,-1003.00
2024-05-17 16:25:22.647367,0,0,4,1,-3,0,79,81,10,0,44,190.62,318,4.00,-3.00,-1001.00
2024-05-17 16:25:22.658751,0,0,4,1,-3,0,79,81,10,0,44,190.59,318,5.00,0.00,-1002.00
2024-05-17 16:25:22.851090,0,0,4,1,-3,0,79,81,10,0,44,190.59,318,5.00,0.00,-1001.00
2024-05-17 16:25:22.862947,0,0,4,1,-3,0,79,81,10,0,44,190.63,318,5.00,0.00,-1004.00
2024-05-17 16:25:23.058827,0,0,4,1,-3,0,79,81,10,0,44,190.63,318,5.00,0.00,-1005.00
2024-05-17 16:25:23.066760,0,0,4,1,-3,0,79,81,10,0,44,190.64,318,4.00,0.00,-1002.00
2024-05-17 16:25:23.260806,0,0,4,1,-3,0,78,81,10,0,44,190.68,318,3.00,-1.00,-1003.00
2024-05-17 16:25:23.270835,0,0,4,1,-4,0,78,81,10,0,44,190.57,318,4.00,0.00,-1003.00
2024-05-17 16:25:23.467694,0,0,4,0,0,0,78,81,10,0,44,190.62,318,5.00,0.00,-1005.00
2024-05-17 16:25:23.474832,0,0,4,0,0,0,78,81,10,0,44,190.65,318,4.00,0.00,-1004.00
2024-05-17 16:25:23.671005,0,0,4,0,0,0,78,81,10,0,44,190.61,318,4.00,0.00,-1005.00
2024-05-17 16:25:23.678829,0,0,4,0,0,0,78,81,10,0,44,190.62,318,4.00,0.00,-1001.00
2024-05-17 16:25:23.977672,0,0,4,0,0,0,78,81,10,0,44,190.61,318,5.00,1.00,-1004.00
2024-05-17 16:25:23.977832,0,0,4,0,0,0,78,81,10,0,44,190.66,318,4.00,-2.00,-1002.00
2024-05-17 16:25:23.984835,0,0,4,0,0,0,78,81,10,0,44,190.60,318,5.00,-1.00,-1006.00
2024-05-17 16:25:24.182711,0,0,4,0,0,0,78,81,10,0,44,190.60,318,4.00,0.00,-1004.00
2024-05-17 16:25:24.188808,0,0,4,0,0,0,79,81,10,0,44,190.60,318,5.00,-1.00,-1004.00
2024-05-17 16:25:24.290932,0,0,4,0,0,0,79,81,10,0,44,190.58,318,4.00,0.00,-1000.00
2024-05-17 16:25:24.392892,0,0,4,0,0,0,79,81,10,0,44,190.59,318,2.00,0.00,-1002.00
2024-05-17 16:25:24.494822,0,0,4,0,0,0,79,81,10,0,44,190.61,318,5.00,-1.00,-1002.00
2024-05-17 16:25:24.545799,0,0,4,0,0,0,79,81,10,0,44,190.60,318,4.00,0.00,-1004.00
2024-05-17 16:25:24.651285,0,0,4,0,0,0,79,81,10,0,44,190.60,318,3.00,-1.00,-1002.00
2024-05-17 16:25:24.750109,0,0,4,0,0,0,79,81,10,0,44,190.59,318,4.00,0.00,-1004.00
2024-05-17 16:25:24.900351,0,0,4,0,0,0,79,81,10,0,44,190.63,318,4.00,0.00,-1002.00
2024-05-17 16:25:24.953912,0,0,4,0,0,0,79,81,10,0,44,190.58,318,5.00,0.00,-1002.00
2024-05-17 16:25:25.104118,0,0,4,0,0,0,79,81,10,0,44,190.61,318,3.00,0.00,-1001.00
2024-05-17 16:25:25.157849,0,0,4,0,0,0,79,81,10,0,44,190.61,318,2.00,0.00,-1002.00
2024-05-17 16:25:25.309391,0,0,4,0,0,0,79,81,10,0,44,190.60,318,4.00,0.00,-1002.00
2024-05-17 16:25:25.362253,0,0,4,0,0,0,79,81,10,0,44,190.58,318,3.00,0.00,-1000.00
2024-05-17 16:25:25.514125,0,0,4,0,0,0,79,81,10,0,44,190.61,318,5.00,0.00,-1002.00
2024-05-17 16:25:25.565869,0,0,4,0,0,0,79,81,10,0,44,190.61,318,3.00,0.00,-1002.00
2024-05-17 16:25:25.667813,0,0,4,0,0,0,79,81,10,0,44,190.58,318,4.00,-1.00,-1004.00
2024-05-17 16:25:25.820742,0,0,4,0,0,0,79,81,10,0,44,190.57,318,4.00,0.00,-1004.00
2024-05-17 16:25:25.873227,0,0,4,0,0,0,79,81,10,0,44,190.60,318,4.00,0.00,-999.00
2024-05-17 16:25:25.973648,0,0,4,0,0,0,79,81,10,0,44,190.61,318,6.00,-1.00,-1001.00
2024-05-17 16:25:26.075901,0,0,4,0,0,0,79,81,10,0,44,190.60,318,5.00,0.00,-999.00
2024-05-17 16:25:26.230855,0,0,4,0,0,0,79,81,10,0,44,190.61,318,4.00,-1.00,-1002.00
2024-05-17 16:25:26.279617,0,0,4,0,0,0,79,81,10,0,44,190.60,318,4.00,0.00,-1002.00
2024-05-17 16:25:26.436090,0,0,4,0,0,0,79,81,10,0,44,190.61,318,5.00,-2.00,-1002.00
2024-05-17 16:25:26.483776,0,0,4,0,0,0,79,81,10,0,44,190.63,318,2.00,-1.00,-1001.00
2024-05-17 16:25:26.586152,0,0,4,0,0,0,79,81,10,0,44,190.61,318,3.00,0.00,-1002.00
